HSCode,Commodity,value,country,year
74,COPPER AND ARTICLES THEREOF.,0.36,AFGHANISTAN TIS,2018
74,COPPER AND ARTICLES THEREOF.,1.33,ANGOLA,2018
74,COPPER AND ARTICLES THEREOF.,0.01,ARGENTINA,2018
74,COPPER AND ARTICLES THEREOF.,0.09,ARMENIA,2018
74,COPPER AND ARTICLES THEREOF.,27.74,AUSTRALIA,2018
88,"AIRCRAFT, SPACECRAFT, AND PARTS THEREOF.",0.16,AUSTRALIA,2018
74,COPPER AND ARTICLES THEREOF.,3.9,AUSTRIA,2018
88,"AIRCRAFT, SPACECRAFT, AND PARTS THEREOF.",0.63,AUSTRIA,2018
74,COPPER AND ARTICLES THEREOF.,12.88,BAHARAIN IS,2018
88,"AIRCRAFT, SPACECRAFT, AND PARTS THEREOF.",9.57,BAHARAIN IS,2018
74,COPPER AND ARTICLES THEREOF.,14.55,BANGLADESH PR,2018
88,"AIRCRAFT, SPACECRAFT, AND PARTS THEREOF.",104.65,BANGLADESH PR,2018
74,COPPER AND ARTICLES THEREOF.,21.35,BELGIUM,2018
88,"AIRCRAFT, SPACECRAFT, AND PARTS THEREOF.",0.28,BELGIUM,2018
74,COPPER AND ARTICLES THEREOF.,3.07,BENIN,2018
88,"AIRCRAFT, SPACECRAFT, AND PARTS THEREOF.",0.05,BHUTAN,2018
74,COPPER AND ARTICLES THEREOF.,0.11,BOTSWANA,2018
74,COPPER AND ARTICLES THEREOF.,2.61,BRAZIL,2018
74,COPPER AND ARTICLES THEREOF.,0.46,BULGARIA,2018
74,COPPER AND ARTICLES THEREOF.,0.1,C AFRI REP,2018
74,COPPER AND ARTICLES THEREOF.,16.22,CANADA,2018
88,"AIRCRAFT, SPACECRAFT, AND PARTS THEREOF.",148.89,CANADA,2018
74,COPPER AND ARTICLES THEREOF.,1.03,CAPE VERDE IS,2018
74,COPPER AND ARTICLES THEREOF.,28.52,CHILE,2018
74,COPPER AND ARTICLES THEREOF.,232.35,CHINA P RP,2018
88,"AIRCRAFT, SPACECRAFT, AND PARTS THEREOF.",7.78,CHINA P RP,2018
74,COPPER AND ARTICLES THEREOF.,0.09,COLOMBIA,2018
88,"AIRCRAFT, SPACECRAFT, AND PARTS THEREOF.",0.01,COLOMBIA,2018
74,COPPER AND ARTICLES THEREOF.,0.11,COMOROS,2018
74,COPPER AND ARTICLES THEREOF.,0.76,CONGO D. REP.,2018
74,COPPER AND ARTICLES THEREOF.,35.94,CONGO P REP,2018
74,COPPER AND ARTICLES THEREOF.,1.09,COTE D' IVOIRE,2018
74,COPPER AND ARTICLES THEREOF.,0.06,CROATIA,2018
74,COPPER AND ARTICLES THEREOF.,0.94,CYPRUS,2018
74,COPPER AND ARTICLES THEREOF.,0.51,CZECH REPUBLIC,2018
88,"AIRCRAFT, SPACECRAFT, AND PARTS THEREOF.",0.46,CZECH REPUBLIC,2018
74,COPPER AND ARTICLES THEREOF.,14.88,DENMARK,2018
88,"AIRCRAFT, SPACECRAFT, AND PARTS THEREOF.",0.08,DENMARK,2018
74,COPPER AND ARTICLES THEREOF.,0.11,DJIBOUTI,2018
74,COPPER AND ARTICLES THEREOF.,0.14,DOMINIC REP,2018
74,COPPER AND ARTICLES THEREOF.,3.41,EGYPT A RP,2018
74,COPPER AND ARTICLES THEREOF.,0.01,EQUTL GUINEA,2018
74,COPPER AND ARTICLES THEREOF.,0.89,ESTONIA,2018
74,COPPER AND ARTICLES THEREOF.,0.16,FIJI IS,2018
74,COPPER AND ARTICLES THEREOF.,14.74,FINLAND,2018
88,"AIRCRAFT, SPACECRAFT, AND PARTS THEREOF.",86.4,FINLAND,2018
74,COPPER AND ARTICLES THEREOF.,28.67,FRANCE,2018
88,"AIRCRAFT, SPACECRAFT, AND PARTS THEREOF.",3382.94,FRANCE,2018
74,COPPER AND ARTICLES THEREOF.,0,GAMBIA,2018
88,"AIRCRAFT, SPACECRAFT, AND PARTS THEREOF.",0,GAMBIA,2018
74,COPPER AND ARTICLES THEREOF.,1.71,GEORGIA,2018
74,COPPER AND ARTICLES THEREOF.,156.62,GERMANY,2018
88,"AIRCRAFT, SPACECRAFT, AND PARTS THEREOF.",1463.15,GERMANY,2018
74,COPPER AND ARTICLES THEREOF.,1.72,GHANA,2018
74,COPPER AND ARTICLES THEREOF.,3.18,GREECE,2018
74,COPPER AND ARTICLES THEREOF.,0.07,GRENADA,2018
74,COPPER AND ARTICLES THEREOF.,1.01,GUINEA,2018
74,COPPER AND ARTICLES THEREOF.,0.21,HAITI,2018
74,COPPER AND ARTICLES THEREOF.,0.38,HONDURAS,2018
74,COPPER AND ARTICLES THEREOF.,14.56,HONG KONG,2018
88,"AIRCRAFT, SPACECRAFT, AND PARTS THEREOF.",1.77,HONG KONG,2018
74,COPPER AND ARTICLES THEREOF.,0.62,HUNGARY,2018
88,"AIRCRAFT, SPACECRAFT, AND PARTS THEREOF.",0,ICELAND,2018
74,COPPER AND ARTICLES THEREOF.,149.95,INDONESIA,2018
88,"AIRCRAFT, SPACECRAFT, AND PARTS THEREOF.",0,INDONESIA,2018
74,COPPER AND ARTICLES THEREOF.,0.17,IRAN,2018
74,COPPER AND ARTICLES THEREOF.,0.08,IRELAND,2018
88,"AIRCRAFT, SPACECRAFT, AND PARTS THEREOF.",20.61,IRELAND,2018
74,COPPER AND ARTICLES THEREOF.,4.32,ISRAEL,2018
88,"AIRCRAFT, SPACECRAFT, AND PARTS THEREOF.",5.52,ISRAEL,2018
74,COPPER AND ARTICLES THEREOF.,30.32,ITALY,2018
88,"AIRCRAFT, SPACECRAFT, AND PARTS THEREOF.",26.58,ITALY,2018
74,COPPER AND ARTICLES THEREOF.,0.15,JAMAICA,2018
88,"AIRCRAFT, SPACECRAFT, AND PARTS THEREOF.",0.85,JAMAICA,2018
74,COPPER AND ARTICLES THEREOF.,493.75,JAPAN,2018
88,"AIRCRAFT, SPACECRAFT, AND PARTS THEREOF.",0.47,JAPAN,2018
74,COPPER AND ARTICLES THEREOF.,1.53,JORDAN,2018
88,"AIRCRAFT, SPACECRAFT, AND PARTS THEREOF.",0.59,JORDAN,2018
74,COPPER AND ARTICLES THEREOF.,9.98,KENYA,2018
74,COPPER AND ARTICLES THEREOF.,77.7,KOREA RP,2018
88,"AIRCRAFT, SPACECRAFT, AND PARTS THEREOF.",7.46,KOREA RP,2018
74,COPPER AND ARTICLES THEREOF.,30.55,KUWAIT,2018
88,"AIRCRAFT, SPACECRAFT, AND PARTS THEREOF.",89.22,KUWAIT,2018
74,COPPER AND ARTICLES THEREOF.,0.53,LATVIA,2018
88,"AIRCRAFT, SPACECRAFT, AND PARTS THEREOF.",0.59,LATVIA,2018
74,COPPER AND ARTICLES THEREOF.,8.44,LEBANON,2018
74,COPPER AND ARTICLES THEREOF.,0.25,LIBERIA,2018
74,COPPER AND ARTICLES THEREOF.,3.45,LIBYA,2018
74,COPPER AND ARTICLES THEREOF.,2.41,LITHUANIA,2018
88,"AIRCRAFT, SPACECRAFT, AND PARTS THEREOF.",0.96,LITHUANIA,2018
74,COPPER AND ARTICLES THEREOF.,36.76,LUXEMBOURG,2018
74,COPPER AND ARTICLES THEREOF.,0.03,MACAO,2018
74,COPPER AND ARTICLES THEREOF.,601.84,MALAYSIA,2018
88,"AIRCRAFT, SPACECRAFT, AND PARTS THEREOF.",101.9,MALAYSIA,2018
74,COPPER AND ARTICLES THEREOF.,0.54,MALDIVES,2018
88,"AIRCRAFT, SPACECRAFT, AND PARTS THEREOF.",0,MALDIVES,2018
74,COPPER AND ARTICLES THEREOF.,0.02,MALTA,2018
88,"AIRCRAFT, SPACECRAFT, AND PARTS THEREOF.",0.09,MALTA,2018
74,COPPER AND ARTICLES THEREOF.,3.03,MAURITANIA,2018
74,COPPER AND ARTICLES THEREOF.,0.98,MAURITIUS,2018
74,COPPER AND ARTICLES THEREOF.,0.82,MEXICO,2018
88,"AIRCRAFT, SPACECRAFT, AND PARTS THEREOF.",0.25,MEXICO,2018
74,COPPER AND ARTICLES THEREOF.,2.46,MOROCCO,2018
88,"AIRCRAFT, SPACECRAFT, AND PARTS THEREOF.",0.11,MOROCCO,2018
74,COPPER AND ARTICLES THEREOF.,16.84,MOZAMBIQUE,2018
74,COPPER AND ARTICLES THEREOF.,9.47,NEPAL,2018
88,"AIRCRAFT, SPACECRAFT, AND PARTS THEREOF.",0.04,NEPAL,2018
74,COPPER AND ARTICLES THEREOF.,46.63,NETHERLAND,2018
88,"AIRCRAFT, SPACECRAFT, AND PARTS THEREOF.",15.03,NETHERLAND,2018
74,COPPER AND ARTICLES THEREOF.,0.52,NETHERLANDANTIL,2018
74,COPPER AND ARTICLES THEREOF.,1.58,NEW ZEALAND,2018
88,"AIRCRAFT, SPACECRAFT, AND PARTS THEREOF.",0,NEW ZEALAND,2018
74,COPPER AND ARTICLES THEREOF.,3.69,NIGERIA,2018
74,COPPER AND ARTICLES THEREOF.,2.92,NORWAY,2018
88,"AIRCRAFT, SPACECRAFT, AND PARTS THEREOF.",0.55,NORWAY,2018
74,COPPER AND ARTICLES THEREOF.,0.39,OMAN,2018
88,"AIRCRAFT, SPACECRAFT, AND PARTS THEREOF.",193.65,OMAN,2018
74,COPPER AND ARTICLES THEREOF.,0.11,PANAMA REPUBLIC,2018
74,COPPER AND ARTICLES THEREOF.,0,PAPUA N GNA,2018
74,COPPER AND ARTICLES THEREOF.,1.35,PERU,2018
74,COPPER AND ARTICLES THEREOF.,0.91,PHILIPPINES,2018
88,"AIRCRAFT, SPACECRAFT, AND PARTS THEREOF.",0.08,PHILIPPINES,2018
74,COPPER AND ARTICLES THEREOF.,19.75,POLAND,2018
88,"AIRCRAFT, SPACECRAFT, AND PARTS THEREOF.",0.07,POLAND,2018
74,COPPER AND ARTICLES THEREOF.,1.26,PORTUGAL,2018
88,"AIRCRAFT, SPACECRAFT, AND PARTS THEREOF.",0.01,PORTUGAL,2018
74,COPPER AND ARTICLES THEREOF.,1.31,PUERTO RICO,2018
74,COPPER AND ARTICLES THEREOF.,39.55,QATAR,2018
88,"AIRCRAFT, SPACECRAFT, AND PARTS THEREOF.",1.16,QATAR,2018
74,COPPER AND ARTICLES THEREOF.,0.4,REUNION,2018
74,COPPER AND ARTICLES THEREOF.,0.78,ROMANIA,2018
74,COPPER AND ARTICLES THEREOF.,1.67,RUSSIA,2018
88,"AIRCRAFT, SPACECRAFT, AND PARTS THEREOF.",9.19,RUSSIA,2018
74,COPPER AND ARTICLES THEREOF.,0.24,RWANDA,2018
74,COPPER AND ARTICLES THEREOF.,133.24,SAUDI ARAB,2018
74,COPPER AND ARTICLES THEREOF.,2.22,SENEGAL,2018
74,COPPER AND ARTICLES THEREOF.,0.15,SEYCHELLES,2018
74,COPPER AND ARTICLES THEREOF.,0.81,SIERRA LEONE,2018
74,COPPER AND ARTICLES THEREOF.,158.07,SINGAPORE,2018
88,"AIRCRAFT, SPACECRAFT, AND PARTS THEREOF.",39.15,SINGAPORE,2018
74,COPPER AND ARTICLES THEREOF.,1.07,SLOVENIA,2018
88,"AIRCRAFT, SPACECRAFT, AND PARTS THEREOF.",0.97,SLOVENIA,2018
74,COPPER AND ARTICLES THEREOF.,0.29,SOMALIA,2018
74,COPPER AND ARTICLES THEREOF.,63.49,SOUTH AFRICA,2018
88,"AIRCRAFT, SPACECRAFT, AND PARTS THEREOF.",0.38,SOUTH AFRICA,2018
74,COPPER AND ARTICLES THEREOF.,12.75,SPAIN,2018
88,"AIRCRAFT, SPACECRAFT, AND PARTS THEREOF.",2.24,SPAIN,2018
74,COPPER AND ARTICLES THEREOF.,31.28,SRI LANKA DSR,2018
88,"AIRCRAFT, SPACECRAFT, AND PARTS THEREOF.",0.05,SRI LANKA DSR,2018
74,COPPER AND ARTICLES THEREOF.,0.03,ST LUCIA,2018
74,COPPER AND ARTICLES THEREOF.,0.86,SUDAN,2018
74,COPPER AND ARTICLES THEREOF.,0.02,SURINAME,2018
88,"AIRCRAFT, SPACECRAFT, AND PARTS THEREOF.",0.01,SWAZILAND,2018
74,COPPER AND ARTICLES THEREOF.,22.34,SWEDEN,2018
88,"AIRCRAFT, SPACECRAFT, AND PARTS THEREOF.",0.64,SWEDEN,2018
74,COPPER AND ARTICLES THEREOF.,169.59,SWITZERLAND,2018
88,"AIRCRAFT, SPACECRAFT, AND PARTS THEREOF.",0.26,SWITZERLAND,2018
74,COPPER AND ARTICLES THEREOF.,28.59,TAIWAN,2018
88,"AIRCRAFT, SPACECRAFT, AND PARTS THEREOF.",0.07,TAIWAN,2018
74,COPPER AND ARTICLES THEREOF.,116.32,TANZANIA REP,2018
74,COPPER AND ARTICLES THEREOF.,312.79,THAILAND,2018
88,"AIRCRAFT, SPACECRAFT, AND PARTS THEREOF.",6.15,THAILAND,2018
74,COPPER AND ARTICLES THEREOF.,4.61,TOGO,2018
74,COPPER AND ARTICLES THEREOF.,0.05,TRINIDAD,2018
74,COPPER AND ARTICLES THEREOF.,0.73,TUNISIA,2018
74,COPPER AND ARTICLES THEREOF.,3.17,TURKEY,2018
88,"AIRCRAFT, SPACECRAFT, AND PARTS THEREOF.",2.83,TURKEY,2018
74,COPPER AND ARTICLES THEREOF.,743.97,U ARAB EMTS,2018
88,"AIRCRAFT, SPACECRAFT, AND PARTS THEREOF.",238.56,U ARAB EMTS,2018
74,COPPER AND ARTICLES THEREOF.,82.51,U K,2018
88,"AIRCRAFT, SPACECRAFT, AND PARTS THEREOF.",162.56,U K,2018
74,COPPER AND ARTICLES THEREOF.,212.29,U S A,2018
88,"AIRCRAFT, SPACECRAFT, AND PARTS THEREOF.",1479.24,U S A,2018
74,COPPER AND ARTICLES THEREOF.,0,UKRAINE,2018
88,"AIRCRAFT, SPACECRAFT, AND PARTS THEREOF.",0.2,UKRAINE,2018
74,COPPER AND ARTICLES THEREOF.,0.08,UNSPECIFIED,2018
88,"AIRCRAFT, SPACECRAFT, AND PARTS THEREOF.",0.06,UNSPECIFIED,2018
74,COPPER AND ARTICLES THEREOF.,0.15,URUGUAY,2018
74,COPPER AND ARTICLES THEREOF.,0.16,UZBEKISTAN,2018
74,COPPER AND ARTICLES THEREOF.,488.81,VIETNAM SOC REP,2018
88,"AIRCRAFT, SPACECRAFT, AND PARTS THEREOF.",0.24,VIETNAM SOC REP,2018
74,COPPER AND ARTICLES THEREOF.,418.97,ZAMBIA,2018
74,COPPER AND ARTICLES THEREOF.,1.42,ANGOLA,2017
74,COPPER AND ARTICLES THEREOF.,0.01,ARGENTINA,2017
74,COPPER AND ARTICLES THEREOF.,0.14,ARMENIA,2017
74,COPPER AND ARTICLES THEREOF.,5.61,AUSTRALIA,2017
88,"AIRCRAFT, SPACECRAFT, AND PARTS THEREOF.",1.59,AUSTRALIA,2017
74,COPPER AND ARTICLES THEREOF.,5.39,AUSTRIA,2017
88,"AIRCRAFT, SPACECRAFT, AND PARTS THEREOF.",74.82,AUSTRIA,2017
74,COPPER AND ARTICLES THEREOF.,0.01,BAHAMAS,2017
74,COPPER AND ARTICLES THEREOF.,10.26,BAHARAIN IS,2017
88,"AIRCRAFT, SPACECRAFT, AND PARTS THEREOF.",0.12,BAHARAIN IS,2017
74,COPPER AND ARTICLES THEREOF.,20.25,BANGLADESH PR,2017
74,COPPER AND ARTICLES THEREOF.,8.89,BELGIUM,2017
88,"AIRCRAFT, SPACECRAFT, AND PARTS THEREOF.",2.13,BELGIUM,2017
74,COPPER AND ARTICLES THEREOF.,7.88,BENIN,2017
74,COPPER AND ARTICLES THEREOF.,1.11,BHUTAN,2017
88,"AIRCRAFT, SPACECRAFT, AND PARTS THEREOF.",0.01,BHUTAN,2017
74,COPPER AND ARTICLES THEREOF.,0.11,BOLIVIA,2017
74,COPPER AND ARTICLES THEREOF.,0.19,BOTSWANA,2017
74,COPPER AND ARTICLES THEREOF.,5.58,BRAZIL,2017
88,"AIRCRAFT, SPACECRAFT, AND PARTS THEREOF.",464.33,BRAZIL,2017
74,COPPER AND ARTICLES THEREOF.,0.75,BULGARIA,2017
74,COPPER AND ARTICLES THEREOF.,0,CAMBODIA,2017
74,COPPER AND ARTICLES THEREOF.,8.25,CANADA,2017
88,"AIRCRAFT, SPACECRAFT, AND PARTS THEREOF.",329.86,CANADA,2017
74,COPPER AND ARTICLES THEREOF.,0.9,CAPE VERDE IS,2017
74,COPPER AND ARTICLES THEREOF.,4.31,CHILE,2017
74,COPPER AND ARTICLES THEREOF.,220.72,CHINA P RP,2017
88,"AIRCRAFT, SPACECRAFT, AND PARTS THEREOF.",7.67,CHINA P RP,2017
74,COPPER AND ARTICLES THEREOF.,0.15,COMOROS,2017
74,COPPER AND ARTICLES THEREOF.,1.14,CONGO D. REP.,2017
74,COPPER AND ARTICLES THEREOF.,53.64,CONGO P REP,2017
74,COPPER AND ARTICLES THEREOF.,0.19,COSTA RICA,2017
74,COPPER AND ARTICLES THEREOF.,0.82,COTE D' IVOIRE,2017
74,COPPER AND ARTICLES THEREOF.,0.03,CROATIA,2017
74,COPPER AND ARTICLES THEREOF.,1.73,CYPRUS,2017
74,COPPER AND ARTICLES THEREOF.,4.34,CZECH REPUBLIC,2017
88,"AIRCRAFT, SPACECRAFT, AND PARTS THEREOF.",0.48,CZECH REPUBLIC,2017
74,COPPER AND ARTICLES THEREOF.,9.45,DENMARK,2017
88,"AIRCRAFT, SPACECRAFT, AND PARTS THEREOF.",0.33,DENMARK,2017
74,COPPER AND ARTICLES THEREOF.,0.29,DJIBOUTI,2017
74,COPPER AND ARTICLES THEREOF.,2.81,EGYPT A RP,2017
74,COPPER AND ARTICLES THEREOF.,0.9,ESTONIA,2017
74,COPPER AND ARTICLES THEREOF.,0.12,ETHIOPIA,2017
74,COPPER AND ARTICLES THEREOF.,8,FINLAND,2017
88,"AIRCRAFT, SPACECRAFT, AND PARTS THEREOF.",1.21,FINLAND,2017
74,COPPER AND ARTICLES THEREOF.,25.95,FRANCE,2017
88,"AIRCRAFT, SPACECRAFT, AND PARTS THEREOF.",3297.8,FRANCE,2017
74,COPPER AND ARTICLES THEREOF.,0.23,GABON,2017
74,COPPER AND ARTICLES THEREOF.,0.02,GAMBIA,2017
74,COPPER AND ARTICLES THEREOF.,3.92,GEORGIA,2017
74,COPPER AND ARTICLES THEREOF.,132.58,GERMANY,2017
88,"AIRCRAFT, SPACECRAFT, AND PARTS THEREOF.",312.37,GERMANY,2017
74,COPPER AND ARTICLES THEREOF.,3.99,GHANA,2017
74,COPPER AND ARTICLES THEREOF.,3.51,GREECE,2017
74,COPPER AND ARTICLES THEREOF.,0.03,GRENADA,2017
74,COPPER AND ARTICLES THEREOF.,0.87,GUINEA,2017
74,COPPER AND ARTICLES THEREOF.,4.37,HONG KONG,2017
88,"AIRCRAFT, SPACECRAFT, AND PARTS THEREOF.",3.01,HONG KONG,2017
74,COPPER AND ARTICLES THEREOF.,2.75,HUNGARY,2017
74,COPPER AND ARTICLES THEREOF.,181.69,INDONESIA,2017
88,"AIRCRAFT, SPACECRAFT, AND PARTS THEREOF.",0.21,INDONESIA,2017
74,COPPER AND ARTICLES THEREOF.,0.13,IRAN,2017
74,COPPER AND ARTICLES THEREOF.,0.02,IRELAND,2017
88,"AIRCRAFT, SPACECRAFT, AND PARTS THEREOF.",230.26,IRELAND,2017
74,COPPER AND ARTICLES THEREOF.,3.64,ISRAEL,2017
88,"AIRCRAFT, SPACECRAFT, AND PARTS THEREOF.",22.28,ISRAEL,2017
74,COPPER AND ARTICLES THEREOF.,27.58,ITALY,2017
88,"AIRCRAFT, SPACECRAFT, AND PARTS THEREOF.",70.74,ITALY,2017
88,"AIRCRAFT, SPACECRAFT, AND PARTS THEREOF.",0.05,JAMAICA,2017
74,COPPER AND ARTICLES THEREOF.,239.73,JAPAN,2017
88,"AIRCRAFT, SPACECRAFT, AND PARTS THEREOF.",9.45,JAPAN,2017
74,COPPER AND ARTICLES THEREOF.,3.09,JORDAN,2017
88,"AIRCRAFT, SPACECRAFT, AND PARTS THEREOF.",0.46,JORDAN,2017
74,COPPER AND ARTICLES THEREOF.,0.02,KAZAKHSTAN,2017
74,COPPER AND ARTICLES THEREOF.,10.48,KENYA,2017
88,"AIRCRAFT, SPACECRAFT, AND PARTS THEREOF.",0,KENYA,2017
74,COPPER AND ARTICLES THEREOF.,0.24,KOREA DP RP,2017
88,"AIRCRAFT, SPACECRAFT, AND PARTS THEREOF.",0.01,KOREA DP RP,2017
74,COPPER AND ARTICLES THEREOF.,75.82,KOREA RP,2017
88,"AIRCRAFT, SPACECRAFT, AND PARTS THEREOF.",14.68,KOREA RP,2017
74,COPPER AND ARTICLES THEREOF.,22.67,KUWAIT,2017
88,"AIRCRAFT, SPACECRAFT, AND PARTS THEREOF.",0,KUWAIT,2017
74,COPPER AND ARTICLES THEREOF.,0.64,LATVIA,2017
74,COPPER AND ARTICLES THEREOF.,8.39,LEBANON,2017
74,COPPER AND ARTICLES THEREOF.,0.63,LIBERIA,2017
74,COPPER AND ARTICLES THEREOF.,6.23,LIBYA,2017
74,COPPER AND ARTICLES THEREOF.,2.39,LITHUANIA,2017
88,"AIRCRAFT, SPACECRAFT, AND PARTS THEREOF.",0.14,LITHUANIA,2017
74,COPPER AND ARTICLES THEREOF.,0.75,LUXEMBOURG,2017
74,COPPER AND ARTICLES THEREOF.,0.01,MACAO,2017
74,COPPER AND ARTICLES THEREOF.,0.16,MADAGASCAR,2017
88,"AIRCRAFT, SPACECRAFT, AND PARTS THEREOF.",0.04,MADAGASCAR,2017
74,COPPER AND ARTICLES THEREOF.,545.5,MALAYSIA,2017
88,"AIRCRAFT, SPACECRAFT, AND PARTS THEREOF.",46.75,MALAYSIA,2017
74,COPPER AND ARTICLES THEREOF.,0.91,MALDIVES,2017
74,COPPER AND ARTICLES THEREOF.,0.18,MALI,2017
74,COPPER AND ARTICLES THEREOF.,0,MALTA,2017
88,"AIRCRAFT, SPACECRAFT, AND PARTS THEREOF.",0.06,MALTA,2017
88,"AIRCRAFT, SPACECRAFT, AND PARTS THEREOF.",0.02,MARSHALL ISLAND,2017
74,COPPER AND ARTICLES THEREOF.,0.48,MAURITANIA,2017
74,COPPER AND ARTICLES THEREOF.,2.85,MAURITIUS,2017
88,"AIRCRAFT, SPACECRAFT, AND PARTS THEREOF.",0.01,MAURITIUS,2017
74,COPPER AND ARTICLES THEREOF.,0.11,MEXICO,2017
88,"AIRCRAFT, SPACECRAFT, AND PARTS THEREOF.",4.85,MEXICO,2017
88,"AIRCRAFT, SPACECRAFT, AND PARTS THEREOF.",0,MONACO,2017
74,COPPER AND ARTICLES THEREOF.,5.2,MOROCCO,2017
88,"AIRCRAFT, SPACECRAFT, AND PARTS THEREOF.",2.23,MOROCCO,2017
74,COPPER AND ARTICLES THEREOF.,0.62,MOZAMBIQUE,2017
74,COPPER AND ARTICLES THEREOF.,0.27,NAMIBIA,2017
88,"AIRCRAFT, SPACECRAFT, AND PARTS THEREOF.",0,NAMIBIA,2017
74,COPPER AND ARTICLES THEREOF.,9.3,NEPAL,2017
88,"AIRCRAFT, SPACECRAFT, AND PARTS THEREOF.",0.01,NEPAL,2017
74,COPPER AND ARTICLES THEREOF.,35.44,NETHERLAND,2017
88,"AIRCRAFT, SPACECRAFT, AND PARTS THEREOF.",7.93,NETHERLAND,2017
74,COPPER AND ARTICLES THEREOF.,0.35,NETHERLANDANTIL,2017
74,COPPER AND ARTICLES THEREOF.,1.13,NEW ZEALAND,2017
88,"AIRCRAFT, SPACECRAFT, AND PARTS THEREOF.",0.01,NEW ZEALAND,2017
74,COPPER AND ARTICLES THEREOF.,3.32,NIGERIA,2017
74,COPPER AND ARTICLES THEREOF.,2.55,NORWAY,2017
88,"AIRCRAFT, SPACECRAFT, AND PARTS THEREOF.",1.31,NORWAY,2017
74,COPPER AND ARTICLES THEREOF.,0.04,OMAN,2017
88,"AIRCRAFT, SPACECRAFT, AND PARTS THEREOF.",344.74,OMAN,2017
74,COPPER AND ARTICLES THEREOF.,1.39,PERU,2017
74,COPPER AND ARTICLES THEREOF.,76.07,PHILIPPINES,2017
88,"AIRCRAFT, SPACECRAFT, AND PARTS THEREOF.",0.25,PHILIPPINES,2017
74,COPPER AND ARTICLES THEREOF.,18.03,POLAND,2017
88,"AIRCRAFT, SPACECRAFT, AND PARTS THEREOF.",0.54,POLAND,2017
74,COPPER AND ARTICLES THEREOF.,1.81,PORTUGAL,2017
88,"AIRCRAFT, SPACECRAFT, AND PARTS THEREOF.",0.03,PORTUGAL,2017
88,"AIRCRAFT, SPACECRAFT, AND PARTS THEREOF.",0.01,PUERTO RICO,2017
74,COPPER AND ARTICLES THEREOF.,35.91,QATAR,2017
74,COPPER AND ARTICLES THEREOF.,0.87,REUNION,2017
74,COPPER AND ARTICLES THEREOF.,0.3,ROMANIA,2017
88,"AIRCRAFT, SPACECRAFT, AND PARTS THEREOF.",0,ROMANIA,2017
74,COPPER AND ARTICLES THEREOF.,3.52,RUSSIA,2017
88,"AIRCRAFT, SPACECRAFT, AND PARTS THEREOF.",31.63,RUSSIA,2017
74,COPPER AND ARTICLES THEREOF.,0.27,RWANDA,2017
74,COPPER AND ARTICLES THEREOF.,134.12,SAUDI ARAB,2017
88,"AIRCRAFT, SPACECRAFT, AND PARTS THEREOF.",48.22,SAUDI ARAB,2017
74,COPPER AND ARTICLES THEREOF.,4.47,SENEGAL,2017
74,COPPER AND ARTICLES THEREOF.,0.25,SEYCHELLES,2017
74,COPPER AND ARTICLES THEREOF.,1.09,SIERRA LEONE,2017
74,COPPER AND ARTICLES THEREOF.,7.35,SINGAPORE,2017
88,"AIRCRAFT, SPACECRAFT, AND PARTS THEREOF.",47.25,SINGAPORE,2017
74,COPPER AND ARTICLES THEREOF.,0.54,SLOVAK REP,2017
74,COPPER AND ARTICLES THEREOF.,2.53,SLOVENIA,2017
88,"AIRCRAFT, SPACECRAFT, AND PARTS THEREOF.",2.01,SLOVENIA,2017
74,COPPER AND ARTICLES THEREOF.,0.01,SOMALIA,2017
74,COPPER AND ARTICLES THEREOF.,35.24,SOUTH AFRICA,2017
88,"AIRCRAFT, SPACECRAFT, AND PARTS THEREOF.",0.15,SOUTH AFRICA,2017
74,COPPER AND ARTICLES THEREOF.,27.54,SPAIN,2017
88,"AIRCRAFT, SPACECRAFT, AND PARTS THEREOF.",0.26,SPAIN,2017
74,COPPER AND ARTICLES THEREOF.,29.98,SRI LANKA DSR,2017
88,"AIRCRAFT, SPACECRAFT, AND PARTS THEREOF.",63,SRI LANKA DSR,2017
74,COPPER AND ARTICLES THEREOF.,0.03,ST LUCIA,2017
74,COPPER AND ARTICLES THEREOF.,1.43,SUDAN,2017
74,COPPER AND ARTICLES THEREOF.,0.01,SURINAME,2017
74,COPPER AND ARTICLES THEREOF.,0.11,SWAZILAND,2017
88,"AIRCRAFT, SPACECRAFT, AND PARTS THEREOF.",0,SWAZILAND,2017
74,COPPER AND ARTICLES THEREOF.,7.42,SWEDEN,2017
88,"AIRCRAFT, SPACECRAFT, AND PARTS THEREOF.",0.47,SWEDEN,2017
74,COPPER AND ARTICLES THEREOF.,17.13,SWITZERLAND,2017
88,"AIRCRAFT, SPACECRAFT, AND PARTS THEREOF.",0.74,SWITZERLAND,2017
74,COPPER AND ARTICLES THEREOF.,28.46,TAIWAN,2017
88,"AIRCRAFT, SPACECRAFT, AND PARTS THEREOF.",0.1,TAIWAN,2017
74,COPPER AND ARTICLES THEREOF.,4.32,TANZANIA REP,2017
74,COPPER AND ARTICLES THEREOF.,240.44,THAILAND,2017
88,"AIRCRAFT, SPACECRAFT, AND PARTS THEREOF.",1.57,THAILAND,2017
74,COPPER AND ARTICLES THEREOF.,6.24,TOGO,2017
74,COPPER AND ARTICLES THEREOF.,0.27,TUNISIA,2017
74,COPPER AND ARTICLES THEREOF.,6.15,TURKEY,2017
88,"AIRCRAFT, SPACECRAFT, AND PARTS THEREOF.",1.53,TURKEY,2017
74,COPPER AND ARTICLES THEREOF.,551.3,U ARAB EMTS,2017
88,"AIRCRAFT, SPACECRAFT, AND PARTS THEREOF.",2.92,U ARAB EMTS,2017
74,COPPER AND ARTICLES THEREOF.,87.2,U K,2017
88,"AIRCRAFT, SPACECRAFT, AND PARTS THEREOF.",99.44,U K,2017
74,COPPER AND ARTICLES THEREOF.,103.01,U S A,2017
88,"AIRCRAFT, SPACECRAFT, AND PARTS THEREOF.",2049.61,U S A,2017
74,COPPER AND ARTICLES THEREOF.,0,UGANDA,2017
74,COPPER AND ARTICLES THEREOF.,0.01,UKRAINE,2017
88,"AIRCRAFT, SPACECRAFT, AND PARTS THEREOF.",4,UKRAINE,2017
74,COPPER AND ARTICLES THEREOF.,2.75,UNSPECIFIED,2017
88,"AIRCRAFT, SPACECRAFT, AND PARTS THEREOF.",0.52,UNSPECIFIED,2017
74,COPPER AND ARTICLES THEREOF.,0.22,URUGUAY,2017
88,"AIRCRAFT, SPACECRAFT, AND PARTS THEREOF.",0.06,US MINOR OUTLYING ISLANDS               ,2017
74,COPPER AND ARTICLES THEREOF.,0.29,UZBEKISTAN,2017
74,COPPER AND ARTICLES THEREOF.,424.98,VIETNAM SOC REP,2017
88,"AIRCRAFT, SPACECRAFT, AND PARTS THEREOF.",71.28,VIETNAM SOC REP,2017
74,COPPER AND ARTICLES THEREOF.,888.31,ZAMBIA,2017
74,COPPER AND ARTICLES THEREOF.,0.08,ALBANIA,2016
88,"AIRCRAFT, SPACECRAFT, AND PARTS THEREOF.",0,AMERI SAMOA,2016
74,COPPER AND ARTICLES THEREOF.,0.44,ARMENIA,2016
74,COPPER AND ARTICLES THEREOF.,2.86,AUSTRALIA,2016
88,"AIRCRAFT, SPACECRAFT, AND PARTS THEREOF.",4.47,AUSTRALIA,2016
74,COPPER AND ARTICLES THEREOF.,4.2,AUSTRIA,2016
88,"AIRCRAFT, SPACECRAFT, AND PARTS THEREOF.",2.37,AUSTRIA,2016
74,COPPER AND ARTICLES THEREOF.,5.87,BAHARAIN IS,2016
88,"AIRCRAFT, SPACECRAFT, AND PARTS THEREOF.",0.01,BAHARAIN IS,2016
74,COPPER AND ARTICLES THEREOF.,5.24,BANGLADESH PR,2016
88,"AIRCRAFT, SPACECRAFT, AND PARTS THEREOF.",0.01,BANGLADESH PR,2016
74,COPPER AND ARTICLES THEREOF.,0.02,BELARUS,2016
74,COPPER AND ARTICLES THEREOF.,4.39,BELGIUM,2016
88,"AIRCRAFT, SPACECRAFT, AND PARTS THEREOF.",1.36,BELGIUM,2016
74,COPPER AND ARTICLES THEREOF.,4.79,BENIN,2016
74,COPPER AND ARTICLES THEREOF.,2.36,BHUTAN,2016
88,"AIRCRAFT, SPACECRAFT, AND PARTS THEREOF.",0.01,BHUTAN,2016
74,COPPER AND ARTICLES THEREOF.,0.89,BOTSWANA,2016
74,COPPER AND ARTICLES THEREOF.,42.81,BRAZIL,2016
88,"AIRCRAFT, SPACECRAFT, AND PARTS THEREOF.",0.38,BRAZIL,2016
74,COPPER AND ARTICLES THEREOF.,0.35,BULGARIA,2016
88,"AIRCRAFT, SPACECRAFT, AND PARTS THEREOF.",0,BULGARIA,2016
74,COPPER AND ARTICLES THEREOF.,0,CAMBODIA,2016
74,COPPER AND ARTICLES THEREOF.,5.63,CANADA,2016
88,"AIRCRAFT, SPACECRAFT, AND PARTS THEREOF.",257.7,CANADA,2016
74,COPPER AND ARTICLES THEREOF.,0.79,CAPE VERDE IS,2016
74,COPPER AND ARTICLES THEREOF.,2.21,CHILE,2016
74,COPPER AND ARTICLES THEREOF.,174.03,CHINA P RP,2016
88,"AIRCRAFT, SPACECRAFT, AND PARTS THEREOF.",5.97,CHINA P RP,2016
74,COPPER AND ARTICLES THEREOF.,0.17,COLOMBIA,2016
74,COPPER AND ARTICLES THEREOF.,0.02,COMOROS,2016
74,COPPER AND ARTICLES THEREOF.,3.06,CONGO D. REP.,2016
74,COPPER AND ARTICLES THEREOF.,82.78,CONGO P REP,2016
88,"AIRCRAFT, SPACECRAFT, AND PARTS THEREOF.",0,COSTA RICA,2016
74,COPPER AND ARTICLES THEREOF.,0.31,COTE D' IVOIRE,2016
74,COPPER AND ARTICLES THEREOF.,0.01,CROATIA,2016
88,"AIRCRAFT, SPACECRAFT, AND PARTS THEREOF.",0,CUBA,2016
74,COPPER AND ARTICLES THEREOF.,0.98,CYPRUS,2016
74,COPPER AND ARTICLES THEREOF.,2.51,CZECH REPUBLIC,2016
88,"AIRCRAFT, SPACECRAFT, AND PARTS THEREOF.",0.27,CZECH REPUBLIC,2016
74,COPPER AND ARTICLES THEREOF.,3.48,DENMARK,2016
88,"AIRCRAFT, SPACECRAFT, AND PARTS THEREOF.",17.35,DENMARK,2016
74,COPPER AND ARTICLES THEREOF.,0.11,DOMINIC REP,2016
74,COPPER AND ARTICLES THEREOF.,5.84,EGYPT A RP,2016
88,"AIRCRAFT, SPACECRAFT, AND PARTS THEREOF.",0,EL SALVADOR,2016
74,COPPER AND ARTICLES THEREOF.,1.03,ESTONIA,2016
74,COPPER AND ARTICLES THEREOF.,17.21,FINLAND,2016
88,"AIRCRAFT, SPACECRAFT, AND PARTS THEREOF.",0.01,FINLAND,2016
74,COPPER AND ARTICLES THEREOF.,16.28,FRANCE,2016
88,"AIRCRAFT, SPACECRAFT, AND PARTS THEREOF.",3017.42,FRANCE,2016
74,COPPER AND ARTICLES THEREOF.,0.18,GABON,2016
74,COPPER AND ARTICLES THEREOF.,0,GAMBIA,2016
74,COPPER AND ARTICLES THEREOF.,1.19,GEORGIA,2016
88,"AIRCRAFT, SPACECRAFT, AND PARTS THEREOF.",0,GEORGIA,2016
74,COPPER AND ARTICLES THEREOF.,111.51,GERMANY,2016
88,"AIRCRAFT, SPACECRAFT, AND PARTS THEREOF.",307.19,GERMANY,2016
74,COPPER AND ARTICLES THEREOF.,6.37,GHANA,2016
74,COPPER AND ARTICLES THEREOF.,1.28,GREECE,2016
74,COPPER AND ARTICLES THEREOF.,0.6,GUINEA,2016
74,COPPER AND ARTICLES THEREOF.,1.99,HONG KONG,2016
88,"AIRCRAFT, SPACECRAFT, AND PARTS THEREOF.",1.04,HONG KONG,2016
74,COPPER AND ARTICLES THEREOF.,0.56,HUNGARY,2016
88,"AIRCRAFT, SPACECRAFT, AND PARTS THEREOF.",0.09,HUNGARY,2016
88,"AIRCRAFT, SPACECRAFT, AND PARTS THEREOF.",0,ICELAND,2016
74,COPPER AND ARTICLES THEREOF.,138.72,INDONESIA,2016
88,"AIRCRAFT, SPACECRAFT, AND PARTS THEREOF.",3.59,INDONESIA,2016
74,COPPER AND ARTICLES THEREOF.,0.09,IRAN,2016
74,COPPER AND ARTICLES THEREOF.,0.15,IRELAND,2016
88,"AIRCRAFT, SPACECRAFT, AND PARTS THEREOF.",22.21,IRELAND,2016
74,COPPER AND ARTICLES THEREOF.,2.38,ISRAEL,2016
88,"AIRCRAFT, SPACECRAFT, AND PARTS THEREOF.",10.65,ISRAEL,2016
74,COPPER AND ARTICLES THEREOF.,22.07,ITALY,2016
88,"AIRCRAFT, SPACECRAFT, AND PARTS THEREOF.",57.53,ITALY,2016
74,COPPER AND ARTICLES THEREOF.,70.44,JAPAN,2016
88,"AIRCRAFT, SPACECRAFT, AND PARTS THEREOF.",8.35,JAPAN,2016
74,COPPER AND ARTICLES THEREOF.,3.69,JORDAN,2016
88,"AIRCRAFT, SPACECRAFT, AND PARTS THEREOF.",0.01,JORDAN,2016
74,COPPER AND ARTICLES THEREOF.,0.07,KAZAKHSTAN,2016
74,COPPER AND ARTICLES THEREOF.,5.49,KENYA,2016
74,COPPER AND ARTICLES THEREOF.,0,KOREA DP RP,2016
74,COPPER AND ARTICLES THEREOF.,57.18,KOREA RP,2016
88,"AIRCRAFT, SPACECRAFT, AND PARTS THEREOF.",0.08,KOREA RP,2016
74,COPPER AND ARTICLES THEREOF.,13.37,KUWAIT,2016
74,COPPER AND ARTICLES THEREOF.,0.41,LAO PD RP,2016
74,COPPER AND ARTICLES THEREOF.,0.46,LATVIA,2016
74,COPPER AND ARTICLES THEREOF.,8.34,LEBANON,2016
74,COPPER AND ARTICLES THEREOF.,1.44,LIBERIA,2016
74,COPPER AND ARTICLES THEREOF.,1.39,LIBYA,2016
74,COPPER AND ARTICLES THEREOF.,2.53,LITHUANIA,2016
88,"AIRCRAFT, SPACECRAFT, AND PARTS THEREOF.",0.16,LITHUANIA,2016
74,COPPER AND ARTICLES THEREOF.,1.02,LUXEMBOURG,2016
74,COPPER AND ARTICLES THEREOF.,0.71,MADAGASCAR,2016
74,COPPER AND ARTICLES THEREOF.,380.92,MALAYSIA,2016
88,"AIRCRAFT, SPACECRAFT, AND PARTS THEREOF.",49.65,MALAYSIA,2016
74,COPPER AND ARTICLES THEREOF.,0.55,MALDIVES,2016
74,COPPER AND ARTICLES THEREOF.,0.04,MALTA,2016
88,"AIRCRAFT, SPACECRAFT, AND PARTS THEREOF.",0,MALTA,2016
74,COPPER AND ARTICLES THEREOF.,1.85,MAURITANIA,2016
74,COPPER AND ARTICLES THEREOF.,0.62,MAURITIUS,2016
74,COPPER AND ARTICLES THEREOF.,0.37,MEXICO,2016
88,"AIRCRAFT, SPACECRAFT, AND PARTS THEREOF.",2.6,MEXICO,2016
88,"AIRCRAFT, SPACECRAFT, AND PARTS THEREOF.",0,MONACO,2016
74,COPPER AND ARTICLES THEREOF.,5.25,MOROCCO,2016
88,"AIRCRAFT, SPACECRAFT, AND PARTS THEREOF.",2.87,MOROCCO,2016
74,COPPER AND ARTICLES THEREOF.,0.37,MOZAMBIQUE,2016
88,"AIRCRAFT, SPACECRAFT, AND PARTS THEREOF.",50.76,MYANMAR,2016
74,COPPER AND ARTICLES THEREOF.,1.16,NAMIBIA,2016
74,COPPER AND ARTICLES THEREOF.,9.12,NEPAL,2016
88,"AIRCRAFT, SPACECRAFT, AND PARTS THEREOF.",0.04,NEPAL,2016
74,COPPER AND ARTICLES THEREOF.,26.87,NETHERLAND,2016
88,"AIRCRAFT, SPACECRAFT, AND PARTS THEREOF.",14.66,NETHERLAND,2016
74,COPPER AND ARTICLES THEREOF.,0,NETHERLANDANTIL,2016
74,COPPER AND ARTICLES THEREOF.,0.55,NEW ZEALAND,2016
88,"AIRCRAFT, SPACECRAFT, AND PARTS THEREOF.",0.01,NEW ZEALAND,2016
88,"AIRCRAFT, SPACECRAFT, AND PARTS THEREOF.",0.01,NIGER,2016
74,COPPER AND ARTICLES THEREOF.,5.23,NIGERIA,2016
74,COPPER AND ARTICLES THEREOF.,1.35,NORWAY,2016
88,"AIRCRAFT, SPACECRAFT, AND PARTS THEREOF.",0.21,NORWAY,2016
74,COPPER AND ARTICLES THEREOF.,0.01,OMAN,2016
88,"AIRCRAFT, SPACECRAFT, AND PARTS THEREOF.",0.01,OMAN,2016
74,COPPER AND ARTICLES THEREOF.,0.08,PANAMA REPUBLIC,2016
74,COPPER AND ARTICLES THEREOF.,0.11,PARAGUAY,2016
74,COPPER AND ARTICLES THEREOF.,1.02,PERU,2016
74,COPPER AND ARTICLES THEREOF.,36.41,PHILIPPINES,2016
88,"AIRCRAFT, SPACECRAFT, AND PARTS THEREOF.",19.6,PHILIPPINES,2016
74,COPPER AND ARTICLES THEREOF.,16.2,POLAND,2016
88,"AIRCRAFT, SPACECRAFT, AND PARTS THEREOF.",0.68,POLAND,2016
74,COPPER AND ARTICLES THEREOF.,2.09,PORTUGAL,2016
88,"AIRCRAFT, SPACECRAFT, AND PARTS THEREOF.",0,PORTUGAL,2016
74,COPPER AND ARTICLES THEREOF.,14.08,QATAR,2016
88,"AIRCRAFT, SPACECRAFT, AND PARTS THEREOF.",0,QATAR,2016
74,COPPER AND ARTICLES THEREOF.,0.38,REUNION,2016
74,COPPER AND ARTICLES THEREOF.,0,ROMANIA,2016
74,COPPER AND ARTICLES THEREOF.,65.86,RUSSIA,2016
88,"AIRCRAFT, SPACECRAFT, AND PARTS THEREOF.",35.85,RUSSIA,2016
74,COPPER AND ARTICLES THEREOF.,0.24,RWANDA,2016
74,COPPER AND ARTICLES THEREOF.,121.24,SAUDI ARAB,2016
88,"AIRCRAFT, SPACECRAFT, AND PARTS THEREOF.",89.63,SAUDI ARAB,2016
74,COPPER AND ARTICLES THEREOF.,3.57,SENEGAL,2016
88,"AIRCRAFT, SPACECRAFT, AND PARTS THEREOF.",0,SERBIA,2016
74,COPPER AND ARTICLES THEREOF.,0.12,SEYCHELLES,2016
74,COPPER AND ARTICLES THEREOF.,0.61,SIERRA LEONE,2016
74,COPPER AND ARTICLES THEREOF.,9.36,SINGAPORE,2016
88,"AIRCRAFT, SPACECRAFT, AND PARTS THEREOF.",15.65,SINGAPORE,2016
74,COPPER AND ARTICLES THEREOF.,1.28,SLOVAK REP,2016
74,COPPER AND ARTICLES THEREOF.,2.14,SLOVENIA,2016
88,"AIRCRAFT, SPACECRAFT, AND PARTS THEREOF.",0.16,SLOVENIA,2016
74,COPPER AND ARTICLES THEREOF.,34.17,SOUTH AFRICA,2016
88,"AIRCRAFT, SPACECRAFT, AND PARTS THEREOF.",0.05,SOUTH AFRICA,2016
74,COPPER AND ARTICLES THEREOF.,8.18,SPAIN,2016
88,"AIRCRAFT, SPACECRAFT, AND PARTS THEREOF.",7.01,SPAIN,2016
74,COPPER AND ARTICLES THEREOF.,19.94,SRI LANKA DSR,2016
88,"AIRCRAFT, SPACECRAFT, AND PARTS THEREOF.",0,SRI LANKA DSR,2016
74,COPPER AND ARTICLES THEREOF.,0.06,ST LUCIA,2016
74,COPPER AND ARTICLES THEREOF.,1.52,SUDAN,2016
88,"AIRCRAFT, SPACECRAFT, AND PARTS THEREOF.",0.04,SWAZILAND,2016
74,COPPER AND ARTICLES THEREOF.,3.88,SWEDEN,2016
88,"AIRCRAFT, SPACECRAFT, AND PARTS THEREOF.",1.71,SWEDEN,2016
74,COPPER AND ARTICLES THEREOF.,12.54,SWITZERLAND,2016
88,"AIRCRAFT, SPACECRAFT, AND PARTS THEREOF.",15.14,SWITZERLAND,2016
74,COPPER AND ARTICLES THEREOF.,18.57,TAIWAN,2016
88,"AIRCRAFT, SPACECRAFT, AND PARTS THEREOF.",0.08,TAIWAN,2016
74,COPPER AND ARTICLES THEREOF.,3.78,TANZANIA REP,2016
74,COPPER AND ARTICLES THEREOF.,164.85,THAILAND,2016
88,"AIRCRAFT, SPACECRAFT, AND PARTS THEREOF.",1.02,THAILAND,2016
74,COPPER AND ARTICLES THEREOF.,10.33,TOGO,2016
74,COPPER AND ARTICLES THEREOF.,0.1,TRINIDAD,2016
88,"AIRCRAFT, SPACECRAFT, AND PARTS THEREOF.",0.29,TRINIDAD,2016
74,COPPER AND ARTICLES THEREOF.,0.15,TUNISIA,2016
74,COPPER AND ARTICLES THEREOF.,4.95,TURKEY,2016
88,"AIRCRAFT, SPACECRAFT, AND PARTS THEREOF.",2.12,TURKEY,2016
74,COPPER AND ARTICLES THEREOF.,495.52,U ARAB EMTS,2016
88,"AIRCRAFT, SPACECRAFT, AND PARTS THEREOF.",5.19,U ARAB EMTS,2016
74,COPPER AND ARTICLES THEREOF.,82.81,U K,2016
88,"AIRCRAFT, SPACECRAFT, AND PARTS THEREOF.",101.66,U K,2016
74,COPPER AND ARTICLES THEREOF.,93.61,U S A,2016
88,"AIRCRAFT, SPACECRAFT, AND PARTS THEREOF.",4237.56,U S A,2016
88,"AIRCRAFT, SPACECRAFT, AND PARTS THEREOF.",0.34,UKRAINE,2016
74,COPPER AND ARTICLES THEREOF.,0.18,UNSPECIFIED,2016
74,COPPER AND ARTICLES THEREOF.,0,US MINOR OUTLYING ISLANDS               ,2016
88,"AIRCRAFT, SPACECRAFT, AND PARTS THEREOF.",0,US MINOR OUTLYING ISLANDS               ,2016
74,COPPER AND ARTICLES THEREOF.,210.73,VIETNAM SOC REP,2016
88,"AIRCRAFT, SPACECRAFT, AND PARTS THEREOF.",0.14,VIETNAM SOC REP,2016
74,COPPER AND ARTICLES THEREOF.,666.79,ZAMBIA,2016
74,COPPER AND ARTICLES THEREOF.,0.46,ALBANIA,2015
74,COPPER AND ARTICLES THEREOF.,0.21,AMERI SAMOA,2015
74,COPPER AND ARTICLES THEREOF.,0.64,ANGOLA,2015
74,COPPER AND ARTICLES THEREOF.,0.16,ARMENIA,2015
74,COPPER AND ARTICLES THEREOF.,6.8,AUSTRALIA,2015
88,"AIRCRAFT, SPACECRAFT, AND PARTS THEREOF.",0.52,AUSTRALIA,2015
74,COPPER AND ARTICLES THEREOF.,4.02,AUSTRIA,2015
88,"AIRCRAFT, SPACECRAFT, AND PARTS THEREOF.",1.76,AUSTRIA,2015
74,COPPER AND ARTICLES THEREOF.,7.13,BAHARAIN IS,2015
88,"AIRCRAFT, SPACECRAFT, AND PARTS THEREOF.",0.01,BAHARAIN IS,2015
74,COPPER AND ARTICLES THEREOF.,6.92,BANGLADESH PR,2015
74,COPPER AND ARTICLES THEREOF.,0.01,BELARUS,2015
74,COPPER AND ARTICLES THEREOF.,10.13,BELGIUM,2015
88,"AIRCRAFT, SPACECRAFT, AND PARTS THEREOF.",0.42,BELGIUM,2015
74,COPPER AND ARTICLES THEREOF.,3.12,BENIN,2015
74,COPPER AND ARTICLES THEREOF.,2.83,BHUTAN,2015
88,"AIRCRAFT, SPACECRAFT, AND PARTS THEREOF.",0.01,BHUTAN,2015
74,COPPER AND ARTICLES THEREOF.,0.13,BOTSWANA,2015
74,COPPER AND ARTICLES THEREOF.,5.68,BRAZIL,2015
88,"AIRCRAFT, SPACECRAFT, AND PARTS THEREOF.",0.47,BRAZIL,2015
74,COPPER AND ARTICLES THEREOF.,2.88,BULGARIA,2015
88,"AIRCRAFT, SPACECRAFT, AND PARTS THEREOF.",0.08,BULGARIA,2015
74,COPPER AND ARTICLES THEREOF.,0.46,ALBANIA,2015
74,COPPER AND ARTICLES THEREOF.,0.21,AMERI SAMOA,2015
74,COPPER AND ARTICLES THEREOF.,0.64,ANGOLA,2015
74,COPPER AND ARTICLES THEREOF.,0.16,ARMENIA,2015
74,COPPER AND ARTICLES THEREOF.,6.8,AUSTRALIA,2015
88,"AIRCRAFT, SPACECRAFT, AND PARTS THEREOF.",0.52,AUSTRALIA,2015
74,COPPER AND ARTICLES THEREOF.,4.02,AUSTRIA,2015
88,"AIRCRAFT, SPACECRAFT, AND PARTS THEREOF.",1.76,AUSTRIA,2015
74,COPPER AND ARTICLES THEREOF.,7.13,BAHARAIN IS,2015
88,"AIRCRAFT, SPACECRAFT, AND PARTS THEREOF.",0.01,BAHARAIN IS,2015
74,COPPER AND ARTICLES THEREOF.,6.92,BANGLADESH PR,2015
74,COPPER AND ARTICLES THEREOF.,0.01,BELARUS,2015
74,COPPER AND ARTICLES THEREOF.,10.13,BELGIUM,2015
88,"AIRCRAFT, SPACECRAFT, AND PARTS THEREOF.",0.42,BELGIUM,2015
74,COPPER AND ARTICLES THEREOF.,3.12,BENIN,2015
74,COPPER AND ARTICLES THEREOF.,2.83,BHUTAN,2015
88,"AIRCRAFT, SPACECRAFT, AND PARTS THEREOF.",0.01,BHUTAN,2015
74,COPPER AND ARTICLES THEREOF.,0.13,BOTSWANA,2015
74,COPPER AND ARTICLES THEREOF.,5.68,BRAZIL,2015
88,"AIRCRAFT, SPACECRAFT, AND PARTS THEREOF.",0.47,BRAZIL,2015
74,COPPER AND ARTICLES THEREOF.,2.88,BULGARIA,2015
88,"AIRCRAFT, SPACECRAFT, AND PARTS THEREOF.",0.08,BULGARIA,2015
74,COPPER AND ARTICLES THEREOF.,4.55,CANADA,2015
88,"AIRCRAFT, SPACECRAFT, AND PARTS THEREOF.",206.13,CANADA,2015
74,COPPER AND ARTICLES THEREOF.,0.84,CAPE VERDE IS,2015
74,COPPER AND ARTICLES THEREOF.,17.16,CHILE,2015
74,COPPER AND ARTICLES THEREOF.,163.36,CHINA P RP,2015
88,"AIRCRAFT, SPACECRAFT, AND PARTS THEREOF.",5.65,CHINA P RP,2015
74,COPPER AND ARTICLES THEREOF.,0.09,COLOMBIA,2015
74,COPPER AND ARTICLES THEREOF.,25.85,CONGO D. REP.,2015
74,COPPER AND ARTICLES THEREOF.,70.71,CONGO P REP,2015
74,COPPER AND ARTICLES THEREOF.,0.35,COTE D' IVOIRE,2015
74,COPPER AND ARTICLES THEREOF.,0.02,CROATIA,2015
74,COPPER AND ARTICLES THEREOF.,0.02,CUBA,2015
88,"AIRCRAFT, SPACECRAFT, AND PARTS THEREOF.",0,CUBA,2015
74,COPPER AND ARTICLES THEREOF.,1.18,CYPRUS,2015
74,COPPER AND ARTICLES THEREOF.,4.67,CZECH REPUBLIC,2015
88,"AIRCRAFT, SPACECRAFT, AND PARTS THEREOF.",0.3,CZECH REPUBLIC,2015
74,COPPER AND ARTICLES THEREOF.,9.21,DENMARK,2015
88,"AIRCRAFT, SPACECRAFT, AND PARTS THEREOF.",4.75,DENMARK,2015
74,COPPER AND ARTICLES THEREOF.,0.07,DOMINIC REP,2015
74,COPPER AND ARTICLES THEREOF.,3.74,EGYPT A RP,2015
74,COPPER AND ARTICLES THEREOF.,0.96,ESTONIA,2015
88,"AIRCRAFT, SPACECRAFT, AND PARTS THEREOF.",0.02,ESTONIA,2015
74,COPPER AND ARTICLES THEREOF.,0.17,ETHIOPIA,2015
74,COPPER AND ARTICLES THEREOF.,10.06,FINLAND,2015
88,"AIRCRAFT, SPACECRAFT, AND PARTS THEREOF.",0,FINLAND,2015
74,COPPER AND ARTICLES THEREOF.,0.02,FR GUIANA,2015
74,COPPER AND ARTICLES THEREOF.,20.89,FRANCE,2015
88,"AIRCRAFT, SPACECRAFT, AND PARTS THEREOF.",1161.11,FRANCE,2015
74,COPPER AND ARTICLES THEREOF.,0.85,GABON,2015
74,COPPER AND ARTICLES THEREOF.,1.36,GEORGIA,2015
74,COPPER AND ARTICLES THEREOF.,140.55,GERMANY,2015
88,"AIRCRAFT, SPACECRAFT, AND PARTS THEREOF.",323.28,GERMANY,2015
74,COPPER AND ARTICLES THEREOF.,3.86,GHANA,2015
74,COPPER AND ARTICLES THEREOF.,2.99,GREECE,2015
88,"AIRCRAFT, SPACECRAFT, AND PARTS THEREOF.",0,GREECE,2015
74,COPPER AND ARTICLES THEREOF.,1.37,GUINEA,2015
74,COPPER AND ARTICLES THEREOF.,11.25,HONG KONG,2015
88,"AIRCRAFT, SPACECRAFT, AND PARTS THEREOF.",12.72,HONG KONG,2015
74,COPPER AND ARTICLES THEREOF.,0.69,HUNGARY,2015
74,COPPER AND ARTICLES THEREOF.,0.02,ICELAND,2015
74,COPPER AND ARTICLES THEREOF.,77.67,INDONESIA,2015
88,"AIRCRAFT, SPACECRAFT, AND PARTS THEREOF.",2.6,INDONESIA,2015
74,COPPER AND ARTICLES THEREOF.,0.44,IRAN,2015
74,COPPER AND ARTICLES THEREOF.,0.03,IRELAND,2015
88,"AIRCRAFT, SPACECRAFT, AND PARTS THEREOF.",1.62,IRELAND,2015
74,COPPER AND ARTICLES THEREOF.,0.74,ISRAEL,2015
88,"AIRCRAFT, SPACECRAFT, AND PARTS THEREOF.",42.73,ISRAEL,2015
74,COPPER AND ARTICLES THEREOF.,28.13,ITALY,2015
88,"AIRCRAFT, SPACECRAFT, AND PARTS THEREOF.",42.66,ITALY,2015
74,COPPER AND ARTICLES THEREOF.,103.06,JAPAN,2015
88,"AIRCRAFT, SPACECRAFT, AND PARTS THEREOF.",7,JAPAN,2015
74,COPPER AND ARTICLES THEREOF.,6.53,JORDAN,2015
74,COPPER AND ARTICLES THEREOF.,0.5,KAZAKHSTAN,2015
74,COPPER AND ARTICLES THEREOF.,1.46,KENYA,2015
74,COPPER AND ARTICLES THEREOF.,0.05,KOREA DP RP,2015
74,COPPER AND ARTICLES THEREOF.,40.47,KOREA RP,2015
88,"AIRCRAFT, SPACECRAFT, AND PARTS THEREOF.",8.18,KOREA RP,2015
74,COPPER AND ARTICLES THEREOF.,22.34,KUWAIT,2015
88,"AIRCRAFT, SPACECRAFT, AND PARTS THEREOF.",0.05,KUWAIT,2015
74,COPPER AND ARTICLES THEREOF.,1.53,LATVIA,2015
88,"AIRCRAFT, SPACECRAFT, AND PARTS THEREOF.",0,LATVIA,2015
74,COPPER AND ARTICLES THEREOF.,7.17,LEBANON,2015
74,COPPER AND ARTICLES THEREOF.,0.25,LIBERIA,2015
74,COPPER AND ARTICLES THEREOF.,0.55,LIBYA,2015
74,COPPER AND ARTICLES THEREOF.,0,LIECHTENSTEIN,2015
74,COPPER AND ARTICLES THEREOF.,1.3,LITHUANIA,2015
88,"AIRCRAFT, SPACECRAFT, AND PARTS THEREOF.",0.02,LITHUANIA,2015
74,COPPER AND ARTICLES THEREOF.,0.5,LUXEMBOURG,2015
88,"AIRCRAFT, SPACECRAFT, AND PARTS THEREOF.",0.01,LUXEMBOURG,2015
74,COPPER AND ARTICLES THEREOF.,0.3,MACAO,2015
74,COPPER AND ARTICLES THEREOF.,1.73,MADAGASCAR,2015
74,COPPER AND ARTICLES THEREOF.,352.87,MALAYSIA,2015
88,"AIRCRAFT, SPACECRAFT, AND PARTS THEREOF.",127.08,MALAYSIA,2015
74,COPPER AND ARTICLES THEREOF.,0.47,MALDIVES,2015
74,COPPER AND ARTICLES THEREOF.,0.05,MALTA,2015
88,"AIRCRAFT, SPACECRAFT, AND PARTS THEREOF.",0.21,MALTA,2015
74,COPPER AND ARTICLES THEREOF.,3.06,MAURITANIA,2015
74,COPPER AND ARTICLES THEREOF.,0.37,MAURITIUS,2015
74,COPPER AND ARTICLES THEREOF.,2,MEXICO,2015
88,"AIRCRAFT, SPACECRAFT, AND PARTS THEREOF.",3.13,MEXICO,2015
88,"AIRCRAFT, SPACECRAFT, AND PARTS THEREOF.",0,MONACO,2015
74,COPPER AND ARTICLES THEREOF.,7.4,MOROCCO,2015
88,"AIRCRAFT, SPACECRAFT, AND PARTS THEREOF.",1.75,MOROCCO,2015
74,COPPER AND ARTICLES THEREOF.,0.34,MOZAMBIQUE,2015
88,"AIRCRAFT, SPACECRAFT, AND PARTS THEREOF.",0.03,MYANMAR,2015
74,COPPER AND ARTICLES THEREOF.,0.02,NAMIBIA,2015
74,COPPER AND ARTICLES THEREOF.,11.15,NEPAL,2015
88,"AIRCRAFT, SPACECRAFT, AND PARTS THEREOF.",0.01,NEPAL,2015
74,COPPER AND ARTICLES THEREOF.,27.44,NETHERLAND,2015
88,"AIRCRAFT, SPACECRAFT, AND PARTS THEREOF.",2.33,NETHERLAND,2015
74,COPPER AND ARTICLES THEREOF.,0.3,NETHERLANDANTIL,2015
88,"AIRCRAFT, SPACECRAFT, AND PARTS THEREOF.",0.04,NETHERLANDANTIL,2015
74,COPPER AND ARTICLES THEREOF.,0.99,NEW ZEALAND,2015
88,"AIRCRAFT, SPACECRAFT, AND PARTS THEREOF.",0,NEW ZEALAND,2015
74,COPPER AND ARTICLES THEREOF.,0,NIGER,2015
74,COPPER AND ARTICLES THEREOF.,3.58,NIGERIA,2015
74,COPPER AND ARTICLES THEREOF.,1.57,NORWAY,2015
88,"AIRCRAFT, SPACECRAFT, AND PARTS THEREOF.",0,NORWAY,2015
74,COPPER AND ARTICLES THEREOF.,0.19,OMAN,2015
88,"AIRCRAFT, SPACECRAFT, AND PARTS THEREOF.",0.01,OMAN,2015
74,COPPER AND ARTICLES THEREOF.,0.22,PAKISTAN IR,2015
74,COPPER AND ARTICLES THEREOF.,1.4,PERU,2015
74,COPPER AND ARTICLES THEREOF.,0.62,PHILIPPINES,2015
88,"AIRCRAFT, SPACECRAFT, AND PARTS THEREOF.",0.14,PHILIPPINES,2015
74,COPPER AND ARTICLES THEREOF.,12.88,POLAND,2015
88,"AIRCRAFT, SPACECRAFT, AND PARTS THEREOF.",0.64,POLAND,2015
74,COPPER AND ARTICLES THEREOF.,5.5,PORTUGAL,2015
88,"AIRCRAFT, SPACECRAFT, AND PARTS THEREOF.",0,PORTUGAL,2015
74,COPPER AND ARTICLES THEREOF.,17.55,QATAR,2015
88,"AIRCRAFT, SPACECRAFT, AND PARTS THEREOF.",0.01,QATAR,2015
74,COPPER AND ARTICLES THEREOF.,0.41,REUNION,2015
74,COPPER AND ARTICLES THEREOF.,0.35,ROMANIA,2015
74,COPPER AND ARTICLES THEREOF.,289.63,RUSSIA,2015
88,"AIRCRAFT, SPACECRAFT, AND PARTS THEREOF.",47.96,RUSSIA,2015
74,COPPER AND ARTICLES THEREOF.,0.12,RWANDA,2015
74,COPPER AND ARTICLES THEREOF.,133.88,SAUDI ARAB,2015
88,"AIRCRAFT, SPACECRAFT, AND PARTS THEREOF.",808.35,SAUDI ARAB,2015
74,COPPER AND ARTICLES THEREOF.,2.36,SENEGAL,2015
74,COPPER AND ARTICLES THEREOF.,0.71,SIERRA LEONE,2015
74,COPPER AND ARTICLES THEREOF.,7.85,SINGAPORE,2015
88,"AIRCRAFT, SPACECRAFT, AND PARTS THEREOF.",77.62,SINGAPORE,2015
74,COPPER AND ARTICLES THEREOF.,1.41,SLOVAK REP,2015
88,"AIRCRAFT, SPACECRAFT, AND PARTS THEREOF.",0.02,SLOVAK REP,2015
74,COPPER AND ARTICLES THEREOF.,2.37,SLOVENIA,2015
88,"AIRCRAFT, SPACECRAFT, AND PARTS THEREOF.",0,SLOVENIA,2015
74,COPPER AND ARTICLES THEREOF.,44.08,SOUTH AFRICA,2015
88,"AIRCRAFT, SPACECRAFT, AND PARTS THEREOF.",0.76,SOUTH AFRICA,2015
74,COPPER AND ARTICLES THEREOF.,14.59,SPAIN,2015
88,"AIRCRAFT, SPACECRAFT, AND PARTS THEREOF.",1.11,SPAIN,2015
74,COPPER AND ARTICLES THEREOF.,10.05,SRI LANKA DSR,2015
88,"AIRCRAFT, SPACECRAFT, AND PARTS THEREOF.",0.1,SRI LANKA DSR,2015
74,COPPER AND ARTICLES THEREOF.,0.14,ST LUCIA,2015
74,COPPER AND ARTICLES THEREOF.,0.93,SUDAN,2015
74,COPPER AND ARTICLES THEREOF.,0.04,SWAZILAND,2015
88,"AIRCRAFT, SPACECRAFT, AND PARTS THEREOF.",0.05,SWAZILAND,2015
74,COPPER AND ARTICLES THEREOF.,6.6,SWEDEN,2015
88,"AIRCRAFT, SPACECRAFT, AND PARTS THEREOF.",2.29,SWEDEN,2015
74,COPPER AND ARTICLES THEREOF.,12.27,SWITZERLAND,2015
88,"AIRCRAFT, SPACECRAFT, AND PARTS THEREOF.",13.22,SWITZERLAND,2015
74,COPPER AND ARTICLES THEREOF.,24.02,TAIWAN,2015
88,"AIRCRAFT, SPACECRAFT, AND PARTS THEREOF.",0.18,TAIWAN,2015
74,COPPER AND ARTICLES THEREOF.,9.27,TANZANIA REP,2015
74,COPPER AND ARTICLES THEREOF.,116.65,THAILAND,2015
88,"AIRCRAFT, SPACECRAFT, AND PARTS THEREOF.",1.09,THAILAND,2015
74,COPPER AND ARTICLES THEREOF.,3.65,TOGO,2015
88,"AIRCRAFT, SPACECRAFT, AND PARTS THEREOF.",0,TOKELAU IS,2015
74,COPPER AND ARTICLES THEREOF.,0.01,TRINIDAD,2015
88,"AIRCRAFT, SPACECRAFT, AND PARTS THEREOF.",0.01,TRINIDAD,2015
74,COPPER AND ARTICLES THEREOF.,11.44,TURKEY,2015
88,"AIRCRAFT, SPACECRAFT, AND PARTS THEREOF.",28.15,TURKEY,2015
74,COPPER AND ARTICLES THEREOF.,545.19,U ARAB EMTS,2015
88,"AIRCRAFT, SPACECRAFT, AND PARTS THEREOF.",3.4,U ARAB EMTS,2015
74,COPPER AND ARTICLES THEREOF.,104.23,U K,2015
88,"AIRCRAFT, SPACECRAFT, AND PARTS THEREOF.",169.59,U K,2015
74,COPPER AND ARTICLES THEREOF.,94.77,U S A,2015
88,"AIRCRAFT, SPACECRAFT, AND PARTS THEREOF.",1857.04,U S A,2015
88,"AIRCRAFT, SPACECRAFT, AND PARTS THEREOF.",0.15,UKRAINE,2015
74,COPPER AND ARTICLES THEREOF.,0.22,UNSPECIFIED,2015
88,"AIRCRAFT, SPACECRAFT, AND PARTS THEREOF.",15.35,UNSPECIFIED,2015
74,COPPER AND ARTICLES THEREOF.,114.81,VIETNAM SOC REP,2015
88,"AIRCRAFT, SPACECRAFT, AND PARTS THEREOF.",0.05,VIETNAM SOC REP,2015
88,"AIRCRAFT, SPACECRAFT, AND PARTS THEREOF.",0,VIRGIN IS US,2015
74,COPPER AND ARTICLES THEREOF.,442.31,ZAMBIA,2015
74,COPPER AND ARTICLES THEREOF.,0,AFGHANISTAN TIS,2014
74,COPPER AND ARTICLES THEREOF.,0.1,ALBANIA,2014
74,COPPER AND ARTICLES THEREOF.,0.35,AMERI SAMOA,2014
74,COPPER AND ARTICLES THEREOF.,2.85,ANGOLA,2014
74,COPPER AND ARTICLES THEREOF.,0,ARGENTINA,2014
74,COPPER AND ARTICLES THEREOF.,0.1,ARMENIA,2014
74,COPPER AND ARTICLES THEREOF.,9.81,AUSTRALIA,2014
88,"AIRCRAFT, SPACECRAFT, AND PARTS THEREOF.",0.9,AUSTRALIA,2014
74,COPPER AND ARTICLES THEREOF.,4.39,AUSTRIA,2014
88,"AIRCRAFT, SPACECRAFT, AND PARTS THEREOF.",0.43,AUSTRIA,2014
74,COPPER AND ARTICLES THEREOF.,0.19,AZERBAIJAN,2014
74,COPPER AND ARTICLES THEREOF.,9.97,BAHARAIN IS,2014
88,"AIRCRAFT, SPACECRAFT, AND PARTS THEREOF.",0.01,BAHARAIN IS,2014
74,COPPER AND ARTICLES THEREOF.,8.31,BANGLADESH PR,2014
74,COPPER AND ARTICLES THEREOF.,14.06,BELGIUM,2014
88,"AIRCRAFT, SPACECRAFT, AND PARTS THEREOF.",0.27,BELGIUM,2014
74,COPPER AND ARTICLES THEREOF.,4.07,BENIN,2014
74,COPPER AND ARTICLES THEREOF.,4.13,BHUTAN,2014
88,"AIRCRAFT, SPACECRAFT, AND PARTS THEREOF.",0,BHUTAN,2014
74,COPPER AND ARTICLES THEREOF.,0.19,BOTSWANA,2014
74,COPPER AND ARTICLES THEREOF.,1.38,BRAZIL,2014
88,"AIRCRAFT, SPACECRAFT, AND PARTS THEREOF.",45.71,BRAZIL,2014
74,COPPER AND ARTICLES THEREOF.,3.2,BULGARIA,2014
74,COPPER AND ARTICLES THEREOF.,0,CAMBODIA,2014
74,COPPER AND ARTICLES THEREOF.,2.95,CANADA,2014
88,"AIRCRAFT, SPACECRAFT, AND PARTS THEREOF.",100.24,CANADA,2014
74,COPPER AND ARTICLES THEREOF.,0.56,CAPE VERDE IS,2014
74,COPPER AND ARTICLES THEREOF.,110.27,CHILE,2014
88,"AIRCRAFT, SPACECRAFT, AND PARTS THEREOF.",10.12,CHILE,2014
74,COPPER AND ARTICLES THEREOF.,203.72,CHINA P RP,2014
88,"AIRCRAFT, SPACECRAFT, AND PARTS THEREOF.",23.61,CHINA P RP,2014
74,COPPER AND ARTICLES THEREOF.,39.37,CONGO D. REP.,2014
74,COPPER AND ARTICLES THEREOF.,78.39,CONGO P REP,2014
74,COPPER AND ARTICLES THEREOF.,1.26,COTE D' IVOIRE,2014
74,COPPER AND ARTICLES THEREOF.,0.03,CROATIA,2014
74,COPPER AND ARTICLES THEREOF.,1.15,CYPRUS,2014
74,COPPER AND ARTICLES THEREOF.,5.38,CZECH REPUBLIC,2014
88,"AIRCRAFT, SPACECRAFT, AND PARTS THEREOF.",0.07,CZECH REPUBLIC,2014
74,COPPER AND ARTICLES THEREOF.,8.8,DENMARK,2014
88,"AIRCRAFT, SPACECRAFT, AND PARTS THEREOF.",0.83,DENMARK,2014
74,COPPER AND ARTICLES THEREOF.,0.34,DOMINIC REP,2014
74,COPPER AND ARTICLES THEREOF.,0.2,ECUADOR,2014
88,"AIRCRAFT, SPACECRAFT, AND PARTS THEREOF.",0.01,ECUADOR,2014
74,COPPER AND ARTICLES THEREOF.,1.46,EGYPT A RP,2014
74,COPPER AND ARTICLES THEREOF.,0.78,ESTONIA,2014
88,"AIRCRAFT, SPACECRAFT, AND PARTS THEREOF.",0.02,ESTONIA,2014
74,COPPER AND ARTICLES THEREOF.,0.08,ETHIOPIA,2014
74,COPPER AND ARTICLES THEREOF.,9.02,FINLAND,2014
88,"AIRCRAFT, SPACECRAFT, AND PARTS THEREOF.",0.03,FR GUIANA,2014
74,COPPER AND ARTICLES THEREOF.,22.49,FRANCE,2014
88,"AIRCRAFT, SPACECRAFT, AND PARTS THEREOF.",1409.87,FRANCE,2014
74,COPPER AND ARTICLES THEREOF.,0.88,GABON,2014
74,COPPER AND ARTICLES THEREOF.,0.01,GAMBIA,2014
74,COPPER AND ARTICLES THEREOF.,2.68,GEORGIA,2014
88,"AIRCRAFT, SPACECRAFT, AND PARTS THEREOF.",0,GEORGIA,2014
74,COPPER AND ARTICLES THEREOF.,164.75,GERMANY,2014
88,"AIRCRAFT, SPACECRAFT, AND PARTS THEREOF.",306.22,GERMANY,2014
74,COPPER AND ARTICLES THEREOF.,2.1,GHANA,2014
74,COPPER AND ARTICLES THEREOF.,2.02,GREECE,2014
74,COPPER AND ARTICLES THEREOF.,1.4,GUINEA,2014
88,"AIRCRAFT, SPACECRAFT, AND PARTS THEREOF.",0,GUINEA,2014
74,COPPER AND ARTICLES THEREOF.,2.9,HONG KONG,2014
88,"AIRCRAFT, SPACECRAFT, AND PARTS THEREOF.",3.09,HONG KONG,2014
74,COPPER AND ARTICLES THEREOF.,0.97,HUNGARY,2014
88,"AIRCRAFT, SPACECRAFT, AND PARTS THEREOF.",0.1,HUNGARY,2014
74,COPPER AND ARTICLES THEREOF.,0.01,ICELAND,2014
74,COPPER AND ARTICLES THEREOF.,30.24,INDONESIA,2014
88,"AIRCRAFT, SPACECRAFT, AND PARTS THEREOF.",0,INDONESIA,2014
74,COPPER AND ARTICLES THEREOF.,0.04,IRELAND,2014
88,"AIRCRAFT, SPACECRAFT, AND PARTS THEREOF.",0.6,IRELAND,2014
74,COPPER AND ARTICLES THEREOF.,0.87,ISRAEL,2014
88,"AIRCRAFT, SPACECRAFT, AND PARTS THEREOF.",47.63,ISRAEL,2014
74,COPPER AND ARTICLES THEREOF.,29.01,ITALY,2014
88,"AIRCRAFT, SPACECRAFT, AND PARTS THEREOF.",14.24,ITALY,2014
74,COPPER AND ARTICLES THEREOF.,0.13,JAMAICA,2014
74,COPPER AND ARTICLES THEREOF.,130.4,JAPAN,2014
88,"AIRCRAFT, SPACECRAFT, AND PARTS THEREOF.",4.74,JAPAN,2014
74,COPPER AND ARTICLES THEREOF.,9.17,JORDAN,2014
74,COPPER AND ARTICLES THEREOF.,0.06,KAZAKHSTAN,2014
74,COPPER AND ARTICLES THEREOF.,3.92,KENYA,2014
74,COPPER AND ARTICLES THEREOF.,0.04,KOREA DP RP,2014
74,COPPER AND ARTICLES THEREOF.,35.09,KOREA RP,2014
88,"AIRCRAFT, SPACECRAFT, AND PARTS THEREOF.",0,KOREA RP,2014
74,COPPER AND ARTICLES THEREOF.,20.08,KUWAIT,2014
74,COPPER AND ARTICLES THEREOF.,1.19,LATVIA,2014
88,"AIRCRAFT, SPACECRAFT, AND PARTS THEREOF.",0.06,LATVIA,2014
74,COPPER AND ARTICLES THEREOF.,8.06,LEBANON,2014
74,COPPER AND ARTICLES THEREOF.,0.22,LIBERIA,2014
74,COPPER AND ARTICLES THEREOF.,0.4,LIBYA,2014
74,COPPER AND ARTICLES THEREOF.,0.41,LITHUANIA,2014
88,"AIRCRAFT, SPACECRAFT, AND PARTS THEREOF.",0.13,LITHUANIA,2014
74,COPPER AND ARTICLES THEREOF.,1.52,LUXEMBOURG,2014
74,COPPER AND ARTICLES THEREOF.,1.9,MADAGASCAR,2014
74,COPPER AND ARTICLES THEREOF.,271.32,MALAYSIA,2014
88,"AIRCRAFT, SPACECRAFT, AND PARTS THEREOF.",84.8,MALAYSIA,2014
74,COPPER AND ARTICLES THEREOF.,0.62,MALDIVES,2014
88,"AIRCRAFT, SPACECRAFT, AND PARTS THEREOF.",0.01,MALDIVES,2014
74,COPPER AND ARTICLES THEREOF.,0.56,MALI,2014
88,"AIRCRAFT, SPACECRAFT, AND PARTS THEREOF.",0.02,MALTA,2014
74,COPPER AND ARTICLES THEREOF.,3.36,MAURITANIA,2014
74,COPPER AND ARTICLES THEREOF.,0.87,MAURITIUS,2014
74,COPPER AND ARTICLES THEREOF.,0.82,MEXICO,2014
88,"AIRCRAFT, SPACECRAFT, AND PARTS THEREOF.",5.73,MEXICO,2014
88,"AIRCRAFT, SPACECRAFT, AND PARTS THEREOF.",0,MONACO,2014
74,COPPER AND ARTICLES THEREOF.,5.78,MOROCCO,2014
88,"AIRCRAFT, SPACECRAFT, AND PARTS THEREOF.",0,MOROCCO,2014
74,COPPER AND ARTICLES THEREOF.,0.21,MOZAMBIQUE,2014
88,"AIRCRAFT, SPACECRAFT, AND PARTS THEREOF.",0,MYANMAR,2014
74,COPPER AND ARTICLES THEREOF.,0.14,NAMIBIA,2014
74,COPPER AND ARTICLES THEREOF.,14.42,NEPAL,2014
88,"AIRCRAFT, SPACECRAFT, AND PARTS THEREOF.",0.01,NEPAL,2014
74,COPPER AND ARTICLES THEREOF.,22.33,NETHERLAND,2014
88,"AIRCRAFT, SPACECRAFT, AND PARTS THEREOF.",1.32,NETHERLAND,2014
74,COPPER AND ARTICLES THEREOF.,0.36,NETHERLANDANTIL,2014
88,"AIRCRAFT, SPACECRAFT, AND PARTS THEREOF.",0.07,NETHERLANDANTIL,2014
74,COPPER AND ARTICLES THEREOF.,1.65,NEW ZEALAND,2014
88,"AIRCRAFT, SPACECRAFT, AND PARTS THEREOF.",0,NEW ZEALAND,2014
74,COPPER AND ARTICLES THEREOF.,5.41,NIGERIA,2014
74,COPPER AND ARTICLES THEREOF.,1.91,NORWAY,2014
88,"AIRCRAFT, SPACECRAFT, AND PARTS THEREOF.",0.04,NORWAY,2014
74,COPPER AND ARTICLES THEREOF.,0.34,OMAN,2014
88,"AIRCRAFT, SPACECRAFT, AND PARTS THEREOF.",0.13,OMAN,2014
74,COPPER AND ARTICLES THEREOF.,0.98,PAKISTAN IR,2014
74,COPPER AND ARTICLES THEREOF.,1.02,PERU,2014
74,COPPER AND ARTICLES THEREOF.,0.93,PHILIPPINES,2014
88,"AIRCRAFT, SPACECRAFT, AND PARTS THEREOF.",0.06,PHILIPPINES,2014
74,COPPER AND ARTICLES THEREOF.,20.57,POLAND,2014
88,"AIRCRAFT, SPACECRAFT, AND PARTS THEREOF.",2.37,POLAND,2014
74,COPPER AND ARTICLES THEREOF.,3.36,PORTUGAL,2014
74,COPPER AND ARTICLES THEREOF.,0.22,PUERTO RICO,2014
74,COPPER AND ARTICLES THEREOF.,20.91,QATAR,2014
74,COPPER AND ARTICLES THEREOF.,0.29,REUNION,2014
74,COPPER AND ARTICLES THEREOF.,0.38,ROMANIA,2014
74,COPPER AND ARTICLES THEREOF.,312.18,RUSSIA,2014
88,"AIRCRAFT, SPACECRAFT, AND PARTS THEREOF.",116.82,RUSSIA,2014
74,COPPER AND ARTICLES THEREOF.,140.43,SAUDI ARAB,2014
88,"AIRCRAFT, SPACECRAFT, AND PARTS THEREOF.",0.07,SAUDI ARAB,2014
74,COPPER AND ARTICLES THEREOF.,2.33,SENEGAL,2014
88,"AIRCRAFT, SPACECRAFT, AND PARTS THEREOF.",9.24,SENEGAL,2014
74,COPPER AND ARTICLES THEREOF.,0.18,SERBIA,2014
74,COPPER AND ARTICLES THEREOF.,0.01,SEYCHELLES,2014
74,COPPER AND ARTICLES THEREOF.,1.02,SIERRA LEONE,2014
74,COPPER AND ARTICLES THEREOF.,13.69,SINGAPORE,2014
88,"AIRCRAFT, SPACECRAFT, AND PARTS THEREOF.",42.66,SINGAPORE,2014
74,COPPER AND ARTICLES THEREOF.,0.73,SLOVAK REP,2014
74,COPPER AND ARTICLES THEREOF.,1.15,SLOVENIA,2014
74,COPPER AND ARTICLES THEREOF.,0.05,SOMALIA,2014
74,COPPER AND ARTICLES THEREOF.,25.14,SOUTH AFRICA,2014
88,"AIRCRAFT, SPACECRAFT, AND PARTS THEREOF.",0.17,SOUTH AFRICA,2014
74,COPPER AND ARTICLES THEREOF.,19.02,SPAIN,2014
88,"AIRCRAFT, SPACECRAFT, AND PARTS THEREOF.",0.18,SPAIN,2014
74,COPPER AND ARTICLES THEREOF.,6.83,SRI LANKA DSR,2014
88,"AIRCRAFT, SPACECRAFT, AND PARTS THEREOF.",19.06,SRI LANKA DSR,2014
74,COPPER AND ARTICLES THEREOF.,0.02,ST HELENA,2014
74,COPPER AND ARTICLES THEREOF.,0,ST KITT N A,2014
74,COPPER AND ARTICLES THEREOF.,0.19,SUDAN,2014
88,"AIRCRAFT, SPACECRAFT, AND PARTS THEREOF.",38.57,SURINAME,2014
74,COPPER AND ARTICLES THEREOF.,0.04,SWAZILAND,2014
88,"AIRCRAFT, SPACECRAFT, AND PARTS THEREOF.",0.01,SWAZILAND,2014
74,COPPER AND ARTICLES THEREOF.,8.53,SWEDEN,2014
88,"AIRCRAFT, SPACECRAFT, AND PARTS THEREOF.",4.09,SWEDEN,2014
74,COPPER AND ARTICLES THEREOF.,19.73,SWITZERLAND,2014
88,"AIRCRAFT, SPACECRAFT, AND PARTS THEREOF.",5.17,SWITZERLAND,2014
74,COPPER AND ARTICLES THEREOF.,22.75,TAIWAN,2014
88,"AIRCRAFT, SPACECRAFT, AND PARTS THEREOF.",2.16,TAIWAN,2014
74,COPPER AND ARTICLES THEREOF.,16.96,TANZANIA REP,2014
74,COPPER AND ARTICLES THEREOF.,109.56,THAILAND,2014
88,"AIRCRAFT, SPACECRAFT, AND PARTS THEREOF.",0.1,THAILAND,2014
74,COPPER AND ARTICLES THEREOF.,3.79,TOGO,2014
74,COPPER AND ARTICLES THEREOF.,0.07,TRINIDAD,2014
74,COPPER AND ARTICLES THEREOF.,0.64,TUNISIA,2014
74,COPPER AND ARTICLES THEREOF.,6.99,TURKEY,2014
88,"AIRCRAFT, SPACECRAFT, AND PARTS THEREOF.",2.33,TURKEY,2014
74,COPPER AND ARTICLES THEREOF.,638.7,U ARAB EMTS,2014
88,"AIRCRAFT, SPACECRAFT, AND PARTS THEREOF.",1.95,U ARAB EMTS,2014
74,COPPER AND ARTICLES THEREOF.,95.98,U K,2014
88,"AIRCRAFT, SPACECRAFT, AND PARTS THEREOF.",65.26,U K,2014
74,COPPER AND ARTICLES THEREOF.,82.57,U S A,2014
88,"AIRCRAFT, SPACECRAFT, AND PARTS THEREOF.",2333.57,U S A,2014
74,COPPER AND ARTICLES THEREOF.,1.83,UKRAINE,2014
88,"AIRCRAFT, SPACECRAFT, AND PARTS THEREOF.",1.69,UKRAINE,2014
74,COPPER AND ARTICLES THEREOF.,0.54,UNSPECIFIED,2014
88,"AIRCRAFT, SPACECRAFT, AND PARTS THEREOF.",0.51,UNSPECIFIED,2014
74,COPPER AND ARTICLES THEREOF.,0.23,URUGUAY,2014
74,COPPER AND ARTICLES THEREOF.,0.1,VENEZUELA,2014
74,COPPER AND ARTICLES THEREOF.,71.37,VIETNAM SOC REP,2014
88,"AIRCRAFT, SPACECRAFT, AND PARTS THEREOF.",0.1,VIETNAM SOC REP,2014
88,"AIRCRAFT, SPACECRAFT, AND PARTS THEREOF.",0,VIRGIN IS US,2014
74,COPPER AND ARTICLES THEREOF.,0.42,YEMEN REPUBLC,2014
74,COPPER AND ARTICLES THEREOF.,231.94,ZAMBIA,2014
74,COPPER AND ARTICLES THEREOF.,0,AFGHANISTAN TIS,2013
74,COPPER AND ARTICLES THEREOF.,0.11,ALBANIA,2013
74,COPPER AND ARTICLES THEREOF.,0.08,AMERI SAMOA,2013
74,COPPER AND ARTICLES THEREOF.,3.62,ANGOLA,2013
74,COPPER AND ARTICLES THEREOF.,5.14,AUSTRALIA,2013
88,"AIRCRAFT, SPACECRAFT, AND PARTS THEREOF.",0.29,AUSTRALIA,2013
74,COPPER AND ARTICLES THEREOF.,7.2,AUSTRIA,2013
88,"AIRCRAFT, SPACECRAFT, AND PARTS THEREOF.",1.53,AUSTRIA,2013
74,COPPER AND ARTICLES THEREOF.,12.14,BAHARAIN IS,2013
88,"AIRCRAFT, SPACECRAFT, AND PARTS THEREOF.",0.2,BAHARAIN IS,2013
74,COPPER AND ARTICLES THEREOF.,17.15,BANGLADESH PR,2013
74,COPPER AND ARTICLES THEREOF.,14.32,BELGIUM,2013
88,"AIRCRAFT, SPACECRAFT, AND PARTS THEREOF.",0.45,BELGIUM,2013
74,COPPER AND ARTICLES THEREOF.,0.01,BELIZE,2013
74,COPPER AND ARTICLES THEREOF.,2.54,BENIN,2013
74,COPPER AND ARTICLES THEREOF.,3.3,BHUTAN,2013
88,"AIRCRAFT, SPACECRAFT, AND PARTS THEREOF.",0.01,BOSNIA-HRZGOVIN,2013
74,COPPER AND ARTICLES THEREOF.,1.69,BRAZIL,2013
88,"AIRCRAFT, SPACECRAFT, AND PARTS THEREOF.",0.43,BRAZIL,2013
74,COPPER AND ARTICLES THEREOF.,4.79,BULGARIA,2013
74,COPPER AND ARTICLES THEREOF.,0,CAMBODIA,2013
74,COPPER AND ARTICLES THEREOF.,3.36,CANADA,2013
88,"AIRCRAFT, SPACECRAFT, AND PARTS THEREOF.",102.05,CANADA,2013
74,COPPER AND ARTICLES THEREOF.,0.59,CAPE VERDE IS,2013
74,COPPER AND ARTICLES THEREOF.,73.48,CHILE,2013
74,COPPER AND ARTICLES THEREOF.,192.26,CHINA P RP,2013
88,"AIRCRAFT, SPACECRAFT, AND PARTS THEREOF.",16.53,CHINA P RP,2013
74,COPPER AND ARTICLES THEREOF.,0.14,COLOMBIA,2013
74,COPPER AND ARTICLES THEREOF.,15.04,CONGO D. REP.,2013
74,COPPER AND ARTICLES THEREOF.,54.98,CONGO P REP,2013
74,COPPER AND ARTICLES THEREOF.,0.3,COTE D' IVOIRE,2013
74,COPPER AND ARTICLES THEREOF.,0.22,CROATIA,2013
74,COPPER AND ARTICLES THEREOF.,1.15,CYPRUS,2013
74,COPPER AND ARTICLES THEREOF.,1.98,CZECH REPUBLIC,2013
88,"AIRCRAFT, SPACECRAFT, AND PARTS THEREOF.",0.08,CZECH REPUBLIC,2013
74,COPPER AND ARTICLES THEREOF.,9.14,DENMARK,2013
88,"AIRCRAFT, SPACECRAFT, AND PARTS THEREOF.",0.78,DENMARK,2013
74,COPPER AND ARTICLES THEREOF.,0.02,DJIBOUTI,2013
74,COPPER AND ARTICLES THEREOF.,0.11,DOMINIC REP,2013
74,COPPER AND ARTICLES THEREOF.,0.19,ECUADOR,2013
88,"AIRCRAFT, SPACECRAFT, AND PARTS THEREOF.",0.02,ECUADOR,2013
74,COPPER AND ARTICLES THEREOF.,5.27,EGYPT A RP,2013
74,COPPER AND ARTICLES THEREOF.,0.49,ESTONIA,2013
74,COPPER AND ARTICLES THEREOF.,0.07,ETHIOPIA,2013
74,COPPER AND ARTICLES THEREOF.,7.92,FINLAND,2013
88,"AIRCRAFT, SPACECRAFT, AND PARTS THEREOF.",0,FINLAND,2013
88,"AIRCRAFT, SPACECRAFT, AND PARTS THEREOF.",0.46,FR GUIANA,2013
74,COPPER AND ARTICLES THEREOF.,22.23,FRANCE,2013
88,"AIRCRAFT, SPACECRAFT, AND PARTS THEREOF.",878.03,FRANCE,2013
74,COPPER AND ARTICLES THEREOF.,0.82,GABON,2013
74,COPPER AND ARTICLES THEREOF.,0.05,GAMBIA,2013
74,COPPER AND ARTICLES THEREOF.,1.84,GEORGIA,2013
74,COPPER AND ARTICLES THEREOF.,125.66,GERMANY,2013
88,"AIRCRAFT, SPACECRAFT, AND PARTS THEREOF.",689.82,GERMANY,2013
74,COPPER AND ARTICLES THEREOF.,1.04,GHANA,2013
74,COPPER AND ARTICLES THEREOF.,1.83,GREECE,2013
74,COPPER AND ARTICLES THEREOF.,1.48,GUINEA,2013
74,COPPER AND ARTICLES THEREOF.,4.6,HONG KONG,2013
88,"AIRCRAFT, SPACECRAFT, AND PARTS THEREOF.",7.08,HONG KONG,2013
74,COPPER AND ARTICLES THEREOF.,1.46,HUNGARY,2013
74,COPPER AND ARTICLES THEREOF.,17.64,INDONESIA,2013
88,"AIRCRAFT, SPACECRAFT, AND PARTS THEREOF.",0.08,INDONESIA,2013
74,COPPER AND ARTICLES THEREOF.,0.51,IRAN,2013
88,"AIRCRAFT, SPACECRAFT, AND PARTS THEREOF.",21.43,IRAN,2013
74,COPPER AND ARTICLES THEREOF.,0.03,IRELAND,2013
88,"AIRCRAFT, SPACECRAFT, AND PARTS THEREOF.",69.99,IRELAND,2013
74,COPPER AND ARTICLES THEREOF.,1.04,ISRAEL,2013
88,"AIRCRAFT, SPACECRAFT, AND PARTS THEREOF.",31.19,ISRAEL,2013
74,COPPER AND ARTICLES THEREOF.,29.54,ITALY,2013
88,"AIRCRAFT, SPACECRAFT, AND PARTS THEREOF.",31.19,ITALY,2013
74,COPPER AND ARTICLES THEREOF.,58.67,JAPAN,2013
88,"AIRCRAFT, SPACECRAFT, AND PARTS THEREOF.",38.51,JAPAN,2013
74,COPPER AND ARTICLES THEREOF.,9.11,JORDAN,2013
74,COPPER AND ARTICLES THEREOF.,1.06,KAZAKHSTAN,2013
74,COPPER AND ARTICLES THEREOF.,1.89,KENYA,2013
88,"AIRCRAFT, SPACECRAFT, AND PARTS THEREOF.",0.04,KENYA,2013
74,COPPER AND ARTICLES THEREOF.,61.81,KOREA RP,2013
88,"AIRCRAFT, SPACECRAFT, AND PARTS THEREOF.",0.03,KOREA RP,2013
74,COPPER AND ARTICLES THEREOF.,37.7,KUWAIT,2013
74,COPPER AND ARTICLES THEREOF.,0.5,LATVIA,2013
74,COPPER AND ARTICLES THEREOF.,8.26,LEBANON,2013
74,COPPER AND ARTICLES THEREOF.,0.72,LIBERIA,2013
74,COPPER AND ARTICLES THEREOF.,0.12,LIBYA,2013
74,COPPER AND ARTICLES THEREOF.,1.21,LITHUANIA,2013
88,"AIRCRAFT, SPACECRAFT, AND PARTS THEREOF.",0.06,LITHUANIA,2013
74,COPPER AND ARTICLES THEREOF.,0,LUXEMBOURG,2013
74,COPPER AND ARTICLES THEREOF.,0.04,MACEDONIA,2013
74,COPPER AND ARTICLES THEREOF.,0.02,MADAGASCAR,2013
74,COPPER AND ARTICLES THEREOF.,211.47,MALAYSIA,2013
88,"AIRCRAFT, SPACECRAFT, AND PARTS THEREOF.",151.91,MALAYSIA,2013
74,COPPER AND ARTICLES THEREOF.,0.72,MALDIVES,2013
74,COPPER AND ARTICLES THEREOF.,0.37,MALI,2013
74,COPPER AND ARTICLES THEREOF.,1.07,MAURITANIA,2013
74,COPPER AND ARTICLES THEREOF.,0.32,MAURITIUS,2013
88,"AIRCRAFT, SPACECRAFT, AND PARTS THEREOF.",0,MAURITIUS,2013
74,COPPER AND ARTICLES THEREOF.,3.99,MEXICO,2013
88,"AIRCRAFT, SPACECRAFT, AND PARTS THEREOF.",1.1,MEXICO,2013
74,COPPER AND ARTICLES THEREOF.,8.68,MOROCCO,2013
88,"AIRCRAFT, SPACECRAFT, AND PARTS THEREOF.",0.01,MOROCCO,2013
74,COPPER AND ARTICLES THEREOF.,0.19,MOZAMBIQUE,2013
74,COPPER AND ARTICLES THEREOF.,0,MYANMAR,2013
88,"AIRCRAFT, SPACECRAFT, AND PARTS THEREOF.",0,MYANMAR,2013
74,COPPER AND ARTICLES THEREOF.,0.06,NAMIBIA,2013
88,"AIRCRAFT, SPACECRAFT, AND PARTS THEREOF.",0,NAMIBIA,2013
74,COPPER AND ARTICLES THEREOF.,13.16,NEPAL,2013
88,"AIRCRAFT, SPACECRAFT, AND PARTS THEREOF.",0.03,NEPAL,2013
74,COPPER AND ARTICLES THEREOF.,11.29,NETHERLAND,2013
88,"AIRCRAFT, SPACECRAFT, AND PARTS THEREOF.",5.15,NETHERLAND,2013
74,COPPER AND ARTICLES THEREOF.,0.24,NETHERLANDANTIL,2013
74,COPPER AND ARTICLES THEREOF.,0.57,NEW ZEALAND,2013
88,"AIRCRAFT, SPACECRAFT, AND PARTS THEREOF.",0,NEW ZEALAND,2013
74,COPPER AND ARTICLES THEREOF.,8.27,NIGERIA,2013
74,COPPER AND ARTICLES THEREOF.,2.8,NORWAY,2013
74,COPPER AND ARTICLES THEREOF.,1.89,OMAN,2013
88,"AIRCRAFT, SPACECRAFT, AND PARTS THEREOF.",0.1,OMAN,2013
74,COPPER AND ARTICLES THEREOF.,6.09,PAKISTAN IR,2013
74,COPPER AND ARTICLES THEREOF.,3.75,PERU,2013
74,COPPER AND ARTICLES THEREOF.,0.31,PHILIPPINES,2013
88,"AIRCRAFT, SPACECRAFT, AND PARTS THEREOF.",0.75,PHILIPPINES,2013
74,COPPER AND ARTICLES THEREOF.,18.01,POLAND,2013
88,"AIRCRAFT, SPACECRAFT, AND PARTS THEREOF.",0.97,POLAND,2013
74,COPPER AND ARTICLES THEREOF.,9.67,PORTUGAL,2013
88,"AIRCRAFT, SPACECRAFT, AND PARTS THEREOF.",98.95,PORTUGAL,2013
74,COPPER AND ARTICLES THEREOF.,0.32,PUERTO RICO,2013
74,COPPER AND ARTICLES THEREOF.,13.83,QATAR,2013
88,"AIRCRAFT, SPACECRAFT, AND PARTS THEREOF.",0.02,QATAR,2013
74,COPPER AND ARTICLES THEREOF.,0.32,REUNION,2013
74,COPPER AND ARTICLES THEREOF.,357.39,RUSSIA,2013
88,"AIRCRAFT, SPACECRAFT, AND PARTS THEREOF.",26.32,RUSSIA,2013
74,COPPER AND ARTICLES THEREOF.,140.68,SAUDI ARAB,2013
88,"AIRCRAFT, SPACECRAFT, AND PARTS THEREOF.",0.03,SAUDI ARAB,2013
74,COPPER AND ARTICLES THEREOF.,2,SENEGAL,2013
88,"AIRCRAFT, SPACECRAFT, AND PARTS THEREOF.",0.02,SENEGAL,2013
74,COPPER AND ARTICLES THEREOF.,0.66,SERBIA,2013
74,COPPER AND ARTICLES THEREOF.,0.2,SEYCHELLES,2013
74,COPPER AND ARTICLES THEREOF.,0.98,SIERRA LEONE,2013
74,COPPER AND ARTICLES THEREOF.,14.44,SINGAPORE,2013
88,"AIRCRAFT, SPACECRAFT, AND PARTS THEREOF.",39.74,SINGAPORE,2013
74,COPPER AND ARTICLES THEREOF.,0.22,SLOVAK REP,2013
74,COPPER AND ARTICLES THEREOF.,2.5,SLOVENIA,2013
74,COPPER AND ARTICLES THEREOF.,12.44,SOUTH AFRICA,2013
88,"AIRCRAFT, SPACECRAFT, AND PARTS THEREOF.",0.11,SOUTH AFRICA,2013
74,COPPER AND ARTICLES THEREOF.,22.67,SPAIN,2013
88,"AIRCRAFT, SPACECRAFT, AND PARTS THEREOF.",1.11,SPAIN,2013
74,COPPER AND ARTICLES THEREOF.,11.4,SRI LANKA DSR,2013
88,"AIRCRAFT, SPACECRAFT, AND PARTS THEREOF.",40.27,SRI LANKA DSR,2013
74,COPPER AND ARTICLES THEREOF.,0.02,ST HELENA,2013
74,COPPER AND ARTICLES THEREOF.,0.17,ST LUCIA,2013
74,COPPER AND ARTICLES THEREOF.,1.02,SUDAN,2013
74,COPPER AND ARTICLES THEREOF.,0.58,SWAZILAND,2013
88,"AIRCRAFT, SPACECRAFT, AND PARTS THEREOF.",0.57,SWAZILAND,2013
74,COPPER AND ARTICLES THEREOF.,14.01,SWEDEN,2013
88,"AIRCRAFT, SPACECRAFT, AND PARTS THEREOF.",0.95,SWEDEN,2013
74,COPPER AND ARTICLES THEREOF.,13.98,SWITZERLAND,2013
88,"AIRCRAFT, SPACECRAFT, AND PARTS THEREOF.",2.7,SWITZERLAND,2013
74,COPPER AND ARTICLES THEREOF.,21.81,TAIWAN,2013
88,"AIRCRAFT, SPACECRAFT, AND PARTS THEREOF.",0.2,TAIWAN,2013
74,COPPER AND ARTICLES THEREOF.,10.38,TANZANIA REP,2013
74,COPPER AND ARTICLES THEREOF.,64.16,THAILAND,2013
88,"AIRCRAFT, SPACECRAFT, AND PARTS THEREOF.",0.39,THAILAND,2013
74,COPPER AND ARTICLES THEREOF.,3.61,TOGO,2013
74,COPPER AND ARTICLES THEREOF.,1.5,TUNISIA,2013
74,COPPER AND ARTICLES THEREOF.,8.98,TURKEY,2013
88,"AIRCRAFT, SPACECRAFT, AND PARTS THEREOF.",17.22,TURKEY,2013
74,COPPER AND ARTICLES THEREOF.,681.13,U ARAB EMTS,2013
88,"AIRCRAFT, SPACECRAFT, AND PARTS THEREOF.",1.84,U ARAB EMTS,2013
74,COPPER AND ARTICLES THEREOF.,81.07,U K,2013
88,"AIRCRAFT, SPACECRAFT, AND PARTS THEREOF.",51.18,U K,2013
74,COPPER AND ARTICLES THEREOF.,51.49,U S A,2013
88,"AIRCRAFT, SPACECRAFT, AND PARTS THEREOF.",1973.15,U S A,2013
74,COPPER AND ARTICLES THEREOF.,0.39,UKRAINE,2013
88,"AIRCRAFT, SPACECRAFT, AND PARTS THEREOF.",0.21,UKRAINE,2013
74,COPPER AND ARTICLES THEREOF.,0.5,UNSPECIFIED,2013
88,"AIRCRAFT, SPACECRAFT, AND PARTS THEREOF.",0.18,UNSPECIFIED,2013
74,COPPER AND ARTICLES THEREOF.,34.96,VIETNAM SOC REP,2013
88,"AIRCRAFT, SPACECRAFT, AND PARTS THEREOF.",0.06,VIETNAM SOC REP,2013
74,COPPER AND ARTICLES THEREOF.,0.19,YEMEN REPUBLC,2013
74,COPPER AND ARTICLES THEREOF.,206.97,ZAMBIA,2013
88,"AIRCRAFT, SPACECRAFT, AND PARTS THEREOF.",0.12,AFGHANISTAN TIS,2012
74,COPPER AND ARTICLES THEREOF.,4.82,ANGOLA,2012
74,COPPER AND ARTICLES THEREOF.,0.02,ARGENTINA,2012
74,COPPER AND ARTICLES THEREOF.,0.11,ARMENIA,2012
74,COPPER AND ARTICLES THEREOF.,0.02,ARUBA,2012
74,COPPER AND ARTICLES THEREOF.,18.73,AUSTRALIA,2012
88,"AIRCRAFT, SPACECRAFT, AND PARTS THEREOF.",0.9,AUSTRALIA,2012
74,COPPER AND ARTICLES THEREOF.,5.38,AUSTRIA,2012
88,"AIRCRAFT, SPACECRAFT, AND PARTS THEREOF.",4.07,AUSTRIA,2012
74,COPPER AND ARTICLES THEREOF.,11.05,BAHARAIN IS,2012
88,"AIRCRAFT, SPACECRAFT, AND PARTS THEREOF.",0.09,BAHARAIN IS,2012
74,COPPER AND ARTICLES THEREOF.,23.89,BANGLADESH PR,2012
74,COPPER AND ARTICLES THEREOF.,15.83,BELGIUM,2012
88,"AIRCRAFT, SPACECRAFT, AND PARTS THEREOF.",0.31,BELGIUM,2012
74,COPPER AND ARTICLES THEREOF.,0.1,BELIZE,2012
74,COPPER AND ARTICLES THEREOF.,4.27,BENIN,2012
74,COPPER AND ARTICLES THEREOF.,12.12,BHUTAN,2012
74,COPPER AND ARTICLES THEREOF.,0.66,BOSNIA-HRZGOVIN,2012
74,COPPER AND ARTICLES THEREOF.,2.6,BRAZIL,2012
88,"AIRCRAFT, SPACECRAFT, AND PARTS THEREOF.",98.9,BRAZIL,2012
74,COPPER AND ARTICLES THEREOF.,1.2,BULGARIA,2012
88,"AIRCRAFT, SPACECRAFT, AND PARTS THEREOF.",0.01,BULGARIA,2012
74,COPPER AND ARTICLES THEREOF.,0,CAMBODIA,2012
74,COPPER AND ARTICLES THEREOF.,3.91,CANADA,2012
88,"AIRCRAFT, SPACECRAFT, AND PARTS THEREOF.",440.77,CANADA,2012
74,COPPER AND ARTICLES THEREOF.,0.63,CAPE VERDE IS,2012
74,COPPER AND ARTICLES THEREOF.,18.18,CHAD,2012
74,COPPER AND ARTICLES THEREOF.,42.43,CHILE,2012
74,COPPER AND ARTICLES THEREOF.,206.4,CHINA P RP,2012
88,"AIRCRAFT, SPACECRAFT, AND PARTS THEREOF.",1.3,CHINA P RP,2012
74,COPPER AND ARTICLES THEREOF.,0.58,COLOMBIA,2012
74,COPPER AND ARTICLES THEREOF.,0,COMOROS,2012
74,COPPER AND ARTICLES THEREOF.,17.08,CONGO P REP,2012
74,COPPER AND ARTICLES THEREOF.,0.17,COSTA RICA,2012
74,COPPER AND ARTICLES THEREOF.,0.12,COTE D' IVOIRE,2012
74,COPPER AND ARTICLES THEREOF.,1.09,CYPRUS,2012
74,COPPER AND ARTICLES THEREOF.,2.83,CZECH REPUBLIC,2012
88,"AIRCRAFT, SPACECRAFT, AND PARTS THEREOF.",0.2,CZECH REPUBLIC,2012
74,COPPER AND ARTICLES THEREOF.,11.41,DENMARK,2012
88,"AIRCRAFT, SPACECRAFT, AND PARTS THEREOF.",0.6,DENMARK,2012
74,COPPER AND ARTICLES THEREOF.,0.02,DJIBOUTI,2012
74,COPPER AND ARTICLES THEREOF.,0.08,DOMINIC REP,2012
74,COPPER AND ARTICLES THEREOF.,0.46,ECUADOR,2012
74,COPPER AND ARTICLES THEREOF.,9.89,EGYPT A RP,2012
74,COPPER AND ARTICLES THEREOF.,0.07,EQUTL GUINEA,2012
88,"AIRCRAFT, SPACECRAFT, AND PARTS THEREOF.",0,ETHIOPIA,2012
74,COPPER AND ARTICLES THEREOF.,144.47,FINLAND,2012
88,"AIRCRAFT, SPACECRAFT, AND PARTS THEREOF.",0,FINLAND,2012
74,COPPER AND ARTICLES THEREOF.,35.87,FRANCE,2012
88,"AIRCRAFT, SPACECRAFT, AND PARTS THEREOF.",1301.04,FRANCE,2012
74,COPPER AND ARTICLES THEREOF.,0.02,GABON,2012
74,COPPER AND ARTICLES THEREOF.,0.11,GAMBIA,2012
74,COPPER AND ARTICLES THEREOF.,4.86,GEORGIA,2012
88,"AIRCRAFT, SPACECRAFT, AND PARTS THEREOF.",0,GEORGIA,2012
74,COPPER AND ARTICLES THEREOF.,176.77,GERMANY,2012
88,"AIRCRAFT, SPACECRAFT, AND PARTS THEREOF.",790.36,GERMANY,2012
74,COPPER AND ARTICLES THEREOF.,2.91,GHANA,2012
74,COPPER AND ARTICLES THEREOF.,0.09,GIBRALTAR,2012
74,COPPER AND ARTICLES THEREOF.,2.68,GREECE,2012
74,COPPER AND ARTICLES THEREOF.,0.49,GUINEA,2012
74,COPPER AND ARTICLES THEREOF.,0.04,GUYANA,2012
74,COPPER AND ARTICLES THEREOF.,6.69,HONG KONG,2012
88,"AIRCRAFT, SPACECRAFT, AND PARTS THEREOF.",0.97,HONG KONG,2012
74,COPPER AND ARTICLES THEREOF.,5.57,HUNGARY,2012
74,COPPER AND ARTICLES THEREOF.,1.22,INDONESIA,2012
88,"AIRCRAFT, SPACECRAFT, AND PARTS THEREOF.",0.01,INDONESIA,2012
74,COPPER AND ARTICLES THEREOF.,0.29,IRAN,2012
74,COPPER AND ARTICLES THEREOF.,0.01,IRELAND,2012
88,"AIRCRAFT, SPACECRAFT, AND PARTS THEREOF.",12.14,IRELAND,2012
74,COPPER AND ARTICLES THEREOF.,2.94,ISRAEL,2012
88,"AIRCRAFT, SPACECRAFT, AND PARTS THEREOF.",31.83,ISRAEL,2012
74,COPPER AND ARTICLES THEREOF.,35.58,ITALY,2012
88,"AIRCRAFT, SPACECRAFT, AND PARTS THEREOF.",38.57,ITALY,2012
74,COPPER AND ARTICLES THEREOF.,45.63,JAPAN,2012
88,"AIRCRAFT, SPACECRAFT, AND PARTS THEREOF.",19.29,JAPAN,2012
74,COPPER AND ARTICLES THEREOF.,11.64,JORDAN,2012
74,COPPER AND ARTICLES THEREOF.,0.11,KAZAKHSTAN,2012
74,COPPER AND ARTICLES THEREOF.,0.79,KENYA,2012
88,"AIRCRAFT, SPACECRAFT, AND PARTS THEREOF.",0.04,KENYA,2012
74,COPPER AND ARTICLES THEREOF.,0.24,KOREA DP RP,2012
88,"AIRCRAFT, SPACECRAFT, AND PARTS THEREOF.",0.01,KOREA DP RP,2012
74,COPPER AND ARTICLES THEREOF.,51.36,KOREA RP,2012
88,"AIRCRAFT, SPACECRAFT, AND PARTS THEREOF.",0.01,KOREA RP,2012
74,COPPER AND ARTICLES THEREOF.,30.31,KUWAIT,2012
88,"AIRCRAFT, SPACECRAFT, AND PARTS THEREOF.",0,KUWAIT,2012
74,COPPER AND ARTICLES THEREOF.,0.01,LAO PD RP,2012
74,COPPER AND ARTICLES THEREOF.,0.48,LATVIA,2012
74,COPPER AND ARTICLES THEREOF.,13.44,LEBANON,2012
74,COPPER AND ARTICLES THEREOF.,1.72,LIBERIA,2012
74,COPPER AND ARTICLES THEREOF.,0.63,LITHUANIA,2012
88,"AIRCRAFT, SPACECRAFT, AND PARTS THEREOF.",0.02,LITHUANIA,2012
74,COPPER AND ARTICLES THEREOF.,0.08,LUXEMBOURG,2012
74,COPPER AND ARTICLES THEREOF.,0.01,MACAO,2012
74,COPPER AND ARTICLES THEREOF.,1.09,MADAGASCAR,2012
74,COPPER AND ARTICLES THEREOF.,176.94,MALAYSIA,2012
88,"AIRCRAFT, SPACECRAFT, AND PARTS THEREOF.",2.43,MALAYSIA,2012
74,COPPER AND ARTICLES THEREOF.,1.42,MALDIVES,2012
88,"AIRCRAFT, SPACECRAFT, AND PARTS THEREOF.",0,MALDIVES,2012
74,COPPER AND ARTICLES THEREOF.,0,MALTA,2012
88,"AIRCRAFT, SPACECRAFT, AND PARTS THEREOF.",0.03,MALTA,2012
74,COPPER AND ARTICLES THEREOF.,0.58,MAURITANIA,2012
74,COPPER AND ARTICLES THEREOF.,1.21,MAURITIUS,2012
88,"AIRCRAFT, SPACECRAFT, AND PARTS THEREOF.",0.04,MAURITIUS,2012
74,COPPER AND ARTICLES THEREOF.,7.44,MEXICO,2012
88,"AIRCRAFT, SPACECRAFT, AND PARTS THEREOF.",0.19,MEXICO,2012
74,COPPER AND ARTICLES THEREOF.,0.01,MOLDOVA,2012
74,COPPER AND ARTICLES THEREOF.,11.77,MOROCCO,2012
74,COPPER AND ARTICLES THEREOF.,0.13,MOZAMBIQUE,2012
88,"AIRCRAFT, SPACECRAFT, AND PARTS THEREOF.",0.03,MYANMAR,2012
74,COPPER AND ARTICLES THEREOF.,0.05,NAMIBIA,2012
74,COPPER AND ARTICLES THEREOF.,15.24,NEPAL,2012
88,"AIRCRAFT, SPACECRAFT, AND PARTS THEREOF.",0,NEPAL,2012
74,COPPER AND ARTICLES THEREOF.,21.95,NETHERLAND,2012
88,"AIRCRAFT, SPACECRAFT, AND PARTS THEREOF.",18.27,NETHERLAND,2012
74,COPPER AND ARTICLES THEREOF.,0,NETHERLANDANTIL,2012
74,COPPER AND ARTICLES THEREOF.,0.19,NEW CALEDONIA,2012
74,COPPER AND ARTICLES THEREOF.,0.22,NEW ZEALAND,2012
88,"AIRCRAFT, SPACECRAFT, AND PARTS THEREOF.",2.85,NEW ZEALAND,2012
88,"AIRCRAFT, SPACECRAFT, AND PARTS THEREOF.",0,NIGER,2012
74,COPPER AND ARTICLES THEREOF.,6.37,NIGERIA,2012
74,COPPER AND ARTICLES THEREOF.,2.37,NORWAY,2012
74,COPPER AND ARTICLES THEREOF.,0.46,OMAN,2012
74,COPPER AND ARTICLES THEREOF.,149.53,PAKISTAN IR,2012
74,COPPER AND ARTICLES THEREOF.,0.13,PANAMA REPUBLIC,2012
88,"AIRCRAFT, SPACECRAFT, AND PARTS THEREOF.",0.03,PANAMA REPUBLIC,2012
74,COPPER AND ARTICLES THEREOF.,1.24,PERU,2012
74,COPPER AND ARTICLES THEREOF.,2.68,PHILIPPINES,2012
88,"AIRCRAFT, SPACECRAFT, AND PARTS THEREOF.",0.53,PHILIPPINES,2012
74,COPPER AND ARTICLES THEREOF.,11.56,POLAND,2012
88,"AIRCRAFT, SPACECRAFT, AND PARTS THEREOF.",3.85,POLAND,2012
74,COPPER AND ARTICLES THEREOF.,8.5,PORTUGAL,2012
88,"AIRCRAFT, SPACECRAFT, AND PARTS THEREOF.",0.27,PORTUGAL,2012
74,COPPER AND ARTICLES THEREOF.,0.13,PUERTO RICO,2012
74,COPPER AND ARTICLES THEREOF.,9.61,QATAR,2012
74,COPPER AND ARTICLES THEREOF.,0.71,REUNION,2012
88,"AIRCRAFT, SPACECRAFT, AND PARTS THEREOF.",0.02,REUNION,2012
74,COPPER AND ARTICLES THEREOF.,0.36,ROMANIA,2012
88,"AIRCRAFT, SPACECRAFT, AND PARTS THEREOF.",0,ROMANIA,2012
74,COPPER AND ARTICLES THEREOF.,288.64,RUSSIA,2012
88,"AIRCRAFT, SPACECRAFT, AND PARTS THEREOF.",101.91,RUSSIA,2012
74,COPPER AND ARTICLES THEREOF.,120.32,SAUDI ARAB,2012
88,"AIRCRAFT, SPACECRAFT, AND PARTS THEREOF.",0.13,SAUDI ARAB,2012
74,COPPER AND ARTICLES THEREOF.,0.02,SENEGAL,2012
74,COPPER AND ARTICLES THEREOF.,0.43,SEYCHELLES,2012
74,COPPER AND ARTICLES THEREOF.,0.15,SIERRA LEONE,2012
74,COPPER AND ARTICLES THEREOF.,15.14,SINGAPORE,2012
88,"AIRCRAFT, SPACECRAFT, AND PARTS THEREOF.",28.68,SINGAPORE,2012
74,COPPER AND ARTICLES THEREOF.,0.24,SLOVAK REP,2012
74,COPPER AND ARTICLES THEREOF.,0.89,SLOVENIA,2012
88,"AIRCRAFT, SPACECRAFT, AND PARTS THEREOF.",0.1,SLOVENIA,2012
74,COPPER AND ARTICLES THEREOF.,12.23,SOUTH AFRICA,2012
88,"AIRCRAFT, SPACECRAFT, AND PARTS THEREOF.",0.09,SOUTH AFRICA,2012
74,COPPER AND ARTICLES THEREOF.,19.68,SPAIN,2012
88,"AIRCRAFT, SPACECRAFT, AND PARTS THEREOF.",0.11,SPAIN,2012
74,COPPER AND ARTICLES THEREOF.,14.99,SRI LANKA DSR,2012
88,"AIRCRAFT, SPACECRAFT, AND PARTS THEREOF.",0.02,SRI LANKA DSR,2012
74,COPPER AND ARTICLES THEREOF.,0,ST LUCIA,2012
74,COPPER AND ARTICLES THEREOF.,1.69,SUDAN,2012
74,COPPER AND ARTICLES THEREOF.,0.06,SWAZILAND,2012
88,"AIRCRAFT, SPACECRAFT, AND PARTS THEREOF.",0.29,SWAZILAND,2012
74,COPPER AND ARTICLES THEREOF.,18.74,SWEDEN,2012
88,"AIRCRAFT, SPACECRAFT, AND PARTS THEREOF.",1.69,SWEDEN,2012
74,COPPER AND ARTICLES THEREOF.,16.01,SWITZERLAND,2012
88,"AIRCRAFT, SPACECRAFT, AND PARTS THEREOF.",7.51,SWITZERLAND,2012
74,COPPER AND ARTICLES THEREOF.,19.9,TAIWAN,2012
88,"AIRCRAFT, SPACECRAFT, AND PARTS THEREOF.",0.01,TAIWAN,2012
74,COPPER AND ARTICLES THEREOF.,2.33,TANZANIA REP,2012
74,COPPER AND ARTICLES THEREOF.,42.84,THAILAND,2012
88,"AIRCRAFT, SPACECRAFT, AND PARTS THEREOF.",7.19,THAILAND,2012
74,COPPER AND ARTICLES THEREOF.,0.97,TOGO,2012
74,COPPER AND ARTICLES THEREOF.,0.11,TRINIDAD,2012
74,COPPER AND ARTICLES THEREOF.,1.21,TUNISIA,2012
74,COPPER AND ARTICLES THEREOF.,5.04,TURKEY,2012
88,"AIRCRAFT, SPACECRAFT, AND PARTS THEREOF.",0.03,TURKEY,2012
74,COPPER AND ARTICLES THEREOF.,450.81,U ARAB EMTS,2012
88,"AIRCRAFT, SPACECRAFT, AND PARTS THEREOF.",2.98,U ARAB EMTS,2012
74,COPPER AND ARTICLES THEREOF.,92.77,U K,2012
88,"AIRCRAFT, SPACECRAFT, AND PARTS THEREOF.",93.94,U K,2012
74,COPPER AND ARTICLES THEREOF.,64.85,U S A,2012
88,"AIRCRAFT, SPACECRAFT, AND PARTS THEREOF.",1662.5,U S A,2012
74,COPPER AND ARTICLES THEREOF.,2.68,UKRAINE,2012
88,"AIRCRAFT, SPACECRAFT, AND PARTS THEREOF.",0.75,UKRAINE,2012
74,COPPER AND ARTICLES THEREOF.,1.17,UNSPECIFIED,2012
88,"AIRCRAFT, SPACECRAFT, AND PARTS THEREOF.",38.2,UNSPECIFIED,2012
74,COPPER AND ARTICLES THEREOF.,14.4,VIETNAM SOC REP,2012
88,"AIRCRAFT, SPACECRAFT, AND PARTS THEREOF.",0.96,VIETNAM SOC REP,2012
74,COPPER AND ARTICLES THEREOF.,0.18,YEMEN REPUBLC,2012
74,COPPER AND ARTICLES THEREOF.,290.25,ZAMBIA,2012
74,COPPER AND ARTICLES THEREOF.,0.66,AMERI SAMOA,2011
74,COPPER AND ARTICLES THEREOF.,2.26,ANGOLA,2011
74,COPPER AND ARTICLES THEREOF.,0.12,ARGENTINA,2011
74,COPPER AND ARTICLES THEREOF.,0.47,ARMENIA,2011
74,COPPER AND ARTICLES THEREOF.,122.91,AUSTRALIA,2011
88,"AIRCRAFT, SPACECRAFT, AND PARTS THEREOF.",1.11,AUSTRALIA,2011
74,COPPER AND ARTICLES THEREOF.,15.72,AUSTRIA,2011
88,"AIRCRAFT, SPACECRAFT, AND PARTS THEREOF.",0.45,AUSTRIA,2011
74,COPPER AND ARTICLES THEREOF.,14.37,BAHARAIN IS,2011
88,"AIRCRAFT, SPACECRAFT, AND PARTS THEREOF.",3.14,BAHARAIN IS,2011
74,COPPER AND ARTICLES THEREOF.,24.53,BANGLADESH PR,2011
74,COPPER AND ARTICLES THEREOF.,0.05,BARBADOS,2011
74,COPPER AND ARTICLES THEREOF.,7.04,BELGIUM,2011
88,"AIRCRAFT, SPACECRAFT, AND PARTS THEREOF.",1.04,BELGIUM,2011
74,COPPER AND ARTICLES THEREOF.,14.79,BENIN,2011
74,COPPER AND ARTICLES THEREOF.,43.8,BHUTAN,2011
74,COPPER AND ARTICLES THEREOF.,0.57,BRAZIL,2011
88,"AIRCRAFT, SPACECRAFT, AND PARTS THEREOF.",11.13,BRAZIL,2011
74,COPPER AND ARTICLES THEREOF.,0.45,BRUNEI,2011
74,COPPER AND ARTICLES THEREOF.,2.57,BULGARIA,2011
88,"AIRCRAFT, SPACECRAFT, AND PARTS THEREOF.",0,BULGARIA,2011
74,COPPER AND ARTICLES THEREOF.,0.01,CAMBODIA,2011
74,COPPER AND ARTICLES THEREOF.,0.08,CAMEROON,2011
74,COPPER AND ARTICLES THEREOF.,3.84,CANADA,2011
88,"AIRCRAFT, SPACECRAFT, AND PARTS THEREOF.",424.51,CANADA,2011
74,COPPER AND ARTICLES THEREOF.,0.59,CAPE VERDE IS,2011
74,COPPER AND ARTICLES THEREOF.,6.69,CHAD,2011
74,COPPER AND ARTICLES THEREOF.,12.19,CHILE,2011
88,"AIRCRAFT, SPACECRAFT, AND PARTS THEREOF.",0.02,CHILE,2011
74,COPPER AND ARTICLES THEREOF.,197.87,CHINA P RP,2011
88,"AIRCRAFT, SPACECRAFT, AND PARTS THEREOF.",22.03,CHINA P RP,2011
74,COPPER AND ARTICLES THEREOF.,2.77,COLOMBIA,2011
74,COPPER AND ARTICLES THEREOF.,0.03,COMOROS,2011
74,COPPER AND ARTICLES THEREOF.,0.1,CONGO D. REP.,2011
74,COPPER AND ARTICLES THEREOF.,2.38,CONGO P REP,2011
88,"AIRCRAFT, SPACECRAFT, AND PARTS THEREOF.",0.05,CONGO P REP,2011
74,COPPER AND ARTICLES THEREOF.,0.51,COTE D' IVOIRE,2011
74,COPPER AND ARTICLES THEREOF.,0,CROATIA,2011
88,"AIRCRAFT, SPACECRAFT, AND PARTS THEREOF.",0.03,CROATIA,2011
74,COPPER AND ARTICLES THEREOF.,2.08,CYPRUS,2011
74,COPPER AND ARTICLES THEREOF.,0.67,CZECH REPUBLIC,2011
88,"AIRCRAFT, SPACECRAFT, AND PARTS THEREOF.",0.09,CZECH REPUBLIC,2011
74,COPPER AND ARTICLES THEREOF.,15.1,DENMARK,2011
88,"AIRCRAFT, SPACECRAFT, AND PARTS THEREOF.",0.85,DENMARK,2011
74,COPPER AND ARTICLES THEREOF.,0,DJIBOUTI,2011
88,"AIRCRAFT, SPACECRAFT, AND PARTS THEREOF.",0.02,DOMINICA,2011
74,COPPER AND ARTICLES THEREOF.,0.86,ECUADOR,2011
88,"AIRCRAFT, SPACECRAFT, AND PARTS THEREOF.",0.02,ECUADOR,2011
74,COPPER AND ARTICLES THEREOF.,18.2,EGYPT A RP,2011
88,"AIRCRAFT, SPACECRAFT, AND PARTS THEREOF.",0.05,EGYPT A RP,2011
74,COPPER AND ARTICLES THEREOF.,0.1,ERITREA,2011
74,COPPER AND ARTICLES THEREOF.,0.2,ESTONIA,2011
74,COPPER AND ARTICLES THEREOF.,0.14,ETHIOPIA,2011
88,"AIRCRAFT, SPACECRAFT, AND PARTS THEREOF.",0,ETHIOPIA,2011
74,COPPER AND ARTICLES THEREOF.,8.78,FINLAND,2011
88,"AIRCRAFT, SPACECRAFT, AND PARTS THEREOF.",0.03,FINLAND,2011
74,COPPER AND ARTICLES THEREOF.,50.15,FRANCE,2011
88,"AIRCRAFT, SPACECRAFT, AND PARTS THEREOF.",770.07,FRANCE,2011
74,COPPER AND ARTICLES THEREOF.,0.28,GABON,2011
74,COPPER AND ARTICLES THEREOF.,0.37,GAMBIA,2011
74,COPPER AND ARTICLES THEREOF.,4.28,GEORGIA,2011
74,COPPER AND ARTICLES THEREOF.,225.97,GERMANY,2011
88,"AIRCRAFT, SPACECRAFT, AND PARTS THEREOF.",621.99,GERMANY,2011
74,COPPER AND ARTICLES THEREOF.,1.9,GHANA,2011
74,COPPER AND ARTICLES THEREOF.,4.41,GREECE,2011
88,"AIRCRAFT, SPACECRAFT, AND PARTS THEREOF.",0,GREECE,2011
74,COPPER AND ARTICLES THEREOF.,0.66,GUINEA,2011
74,COPPER AND ARTICLES THEREOF.,0.2,GUYANA,2011
74,COPPER AND ARTICLES THEREOF.,0.04,HAITI,2011
88,"AIRCRAFT, SPACECRAFT, AND PARTS THEREOF.",0,HAITI,2011
74,COPPER AND ARTICLES THEREOF.,8.87,HONG KONG,2011
88,"AIRCRAFT, SPACECRAFT, AND PARTS THEREOF.",2.08,HONG KONG,2011
74,COPPER AND ARTICLES THEREOF.,7.53,HUNGARY,2011
88,"AIRCRAFT, SPACECRAFT, AND PARTS THEREOF.",0.24,HUNGARY,2011
88,"AIRCRAFT, SPACECRAFT, AND PARTS THEREOF.",0.01,ICELAND,2011
74,COPPER AND ARTICLES THEREOF.,12.31,INDONESIA,2011
88,"AIRCRAFT, SPACECRAFT, AND PARTS THEREOF.",0.03,INDONESIA,2011
74,COPPER AND ARTICLES THEREOF.,1.1,IRAN,2011
74,COPPER AND ARTICLES THEREOF.,0.02,IRELAND,2011
88,"AIRCRAFT, SPACECRAFT, AND PARTS THEREOF.",2.85,IRELAND,2011
74,COPPER AND ARTICLES THEREOF.,3.17,ISRAEL,2011
88,"AIRCRAFT, SPACECRAFT, AND PARTS THEREOF.",48.61,ISRAEL,2011
74,COPPER AND ARTICLES THEREOF.,32.49,ITALY,2011
88,"AIRCRAFT, SPACECRAFT, AND PARTS THEREOF.",40.59,ITALY,2011
74,COPPER AND ARTICLES THEREOF.,44.3,JAPAN,2011
88,"AIRCRAFT, SPACECRAFT, AND PARTS THEREOF.",12.41,JAPAN,2011
74,COPPER AND ARTICLES THEREOF.,5.41,JORDAN,2011
88,"AIRCRAFT, SPACECRAFT, AND PARTS THEREOF.",0.65,JORDAN,2011
74,COPPER AND ARTICLES THEREOF.,0.02,KAZAKHSTAN,2011
74,COPPER AND ARTICLES THEREOF.,2.2,KENYA,2011
88,"AIRCRAFT, SPACECRAFT, AND PARTS THEREOF.",0.03,KENYA,2011
74,COPPER AND ARTICLES THEREOF.,0.12,KOREA DP RP,2011
74,COPPER AND ARTICLES THEREOF.,52.07,KOREA RP,2011
88,"AIRCRAFT, SPACECRAFT, AND PARTS THEREOF.",0.56,KOREA RP,2011
74,COPPER AND ARTICLES THEREOF.,20.13,KUWAIT,2011
74,COPPER AND ARTICLES THEREOF.,1.19,LATVIA,2011
88,"AIRCRAFT, SPACECRAFT, AND PARTS THEREOF.",0.26,LATVIA,2011
74,COPPER AND ARTICLES THEREOF.,4.9,LEBANON,2011
74,COPPER AND ARTICLES THEREOF.,1.78,LIBERIA,2011
74,COPPER AND ARTICLES THEREOF.,0.34,LITHUANIA,2011
88,"AIRCRAFT, SPACECRAFT, AND PARTS THEREOF.",0,LITHUANIA,2011
74,COPPER AND ARTICLES THEREOF.,0.1,LUXEMBOURG,2011
74,COPPER AND ARTICLES THEREOF.,0.26,MACAO,2011
74,COPPER AND ARTICLES THEREOF.,0.73,MADAGASCAR,2011
74,COPPER AND ARTICLES THEREOF.,0.02,MALAWI,2011
74,COPPER AND ARTICLES THEREOF.,172.48,MALAYSIA,2011
88,"AIRCRAFT, SPACECRAFT, AND PARTS THEREOF.",2.93,MALAYSIA,2011
74,COPPER AND ARTICLES THEREOF.,1.39,MALDIVES,2011
88,"AIRCRAFT, SPACECRAFT, AND PARTS THEREOF.",0.06,MALTA,2011
74,COPPER AND ARTICLES THEREOF.,1.14,MAURITANIA,2011
74,COPPER AND ARTICLES THEREOF.,2.16,MAURITIUS,2011
88,"AIRCRAFT, SPACECRAFT, AND PARTS THEREOF.",0.03,MAURITIUS,2011
74,COPPER AND ARTICLES THEREOF.,27.22,MEXICO,2011
88,"AIRCRAFT, SPACECRAFT, AND PARTS THEREOF.",0.32,MEXICO,2011
74,COPPER AND ARTICLES THEREOF.,0,MONACO,2011
74,COPPER AND ARTICLES THEREOF.,12.65,MOROCCO,2011
88,"AIRCRAFT, SPACECRAFT, AND PARTS THEREOF.",0,MOROCCO,2011
74,COPPER AND ARTICLES THEREOF.,0.27,MOZAMBIQUE,2011
74,COPPER AND ARTICLES THEREOF.,0.01,MYANMAR,2011
74,COPPER AND ARTICLES THEREOF.,0.07,NAURU RP,2011
74,COPPER AND ARTICLES THEREOF.,16.24,NEPAL,2011
88,"AIRCRAFT, SPACECRAFT, AND PARTS THEREOF.",0,NEPAL,2011
74,COPPER AND ARTICLES THEREOF.,23.4,NETHERLAND,2011
88,"AIRCRAFT, SPACECRAFT, AND PARTS THEREOF.",56.29,NETHERLAND,2011
74,COPPER AND ARTICLES THEREOF.,0,NETHERLANDANTIL,2011
88,"AIRCRAFT, SPACECRAFT, AND PARTS THEREOF.",0,NETHERLANDANTIL,2011
74,COPPER AND ARTICLES THEREOF.,0.15,NEW ZEALAND,2011
88,"AIRCRAFT, SPACECRAFT, AND PARTS THEREOF.",0,NEW ZEALAND,2011
74,COPPER AND ARTICLES THEREOF.,8.44,NIGERIA,2011
74,COPPER AND ARTICLES THEREOF.,4.43,NORWAY,2011
88,"AIRCRAFT, SPACECRAFT, AND PARTS THEREOF.",0,NORWAY,2011
74,COPPER AND ARTICLES THEREOF.,1.06,OMAN,2011
88,"AIRCRAFT, SPACECRAFT, AND PARTS THEREOF.",0.28,OMAN,2011
74,COPPER AND ARTICLES THEREOF.,14.02,PAKISTAN IR,2011
74,COPPER AND ARTICLES THEREOF.,0.63,PANAMA REPUBLIC,2011
88,"AIRCRAFT, SPACECRAFT, AND PARTS THEREOF.",0,PARAGUAY,2011
74,COPPER AND ARTICLES THEREOF.,0.11,PERU,2011
74,COPPER AND ARTICLES THEREOF.,1.13,PHILIPPINES,2011
88,"AIRCRAFT, SPACECRAFT, AND PARTS THEREOF.",0.03,PHILIPPINES,2011
74,COPPER AND ARTICLES THEREOF.,12.14,POLAND,2011
88,"AIRCRAFT, SPACECRAFT, AND PARTS THEREOF.",1.04,POLAND,2011
74,COPPER AND ARTICLES THEREOF.,2.75,PORTUGAL,2011
88,"AIRCRAFT, SPACECRAFT, AND PARTS THEREOF.",0.08,PUERTO RICO,2011
74,COPPER AND ARTICLES THEREOF.,12.53,QATAR,2011
88,"AIRCRAFT, SPACECRAFT, AND PARTS THEREOF.",0.07,QATAR,2011
74,COPPER AND ARTICLES THEREOF.,0.44,REUNION,2011
74,COPPER AND ARTICLES THEREOF.,4.53,ROMANIA,2011
88,"AIRCRAFT, SPACECRAFT, AND PARTS THEREOF.",48.65,ROMANIA,2011
74,COPPER AND ARTICLES THEREOF.,278.76,RUSSIA,2011
88,"AIRCRAFT, SPACECRAFT, AND PARTS THEREOF.",21.86,RUSSIA,2011
74,COPPER AND ARTICLES THEREOF.,77.74,SAUDI ARAB,2011
88,"AIRCRAFT, SPACECRAFT, AND PARTS THEREOF.",0.14,SAUDI ARAB,2011
74,COPPER AND ARTICLES THEREOF.,0.2,SENEGAL,2011
74,COPPER AND ARTICLES THEREOF.,0.3,SEYCHELLES,2011
88,"AIRCRAFT, SPACECRAFT, AND PARTS THEREOF.",0.06,SEYCHELLES,2011
74,COPPER AND ARTICLES THEREOF.,1.07,SIERRA LEONE,2011
74,COPPER AND ARTICLES THEREOF.,11.96,SINGAPORE,2011
88,"AIRCRAFT, SPACECRAFT, AND PARTS THEREOF.",94.66,SINGAPORE,2011
74,COPPER AND ARTICLES THEREOF.,0.41,SLOVAK REP,2011
88,"AIRCRAFT, SPACECRAFT, AND PARTS THEREOF.",0,SLOVAK REP,2011
74,COPPER AND ARTICLES THEREOF.,0.48,SLOVENIA,2011
88,"AIRCRAFT, SPACECRAFT, AND PARTS THEREOF.",12.91,SLOVENIA,2011
74,COPPER AND ARTICLES THEREOF.,11.47,SOUTH AFRICA,2011
88,"AIRCRAFT, SPACECRAFT, AND PARTS THEREOF.",0.33,SOUTH AFRICA,2011
74,COPPER AND ARTICLES THEREOF.,19.67,SPAIN,2011
88,"AIRCRAFT, SPACECRAFT, AND PARTS THEREOF.",2.47,SPAIN,2011
74,COPPER AND ARTICLES THEREOF.,20.19,SRI LANKA DSR,2011
88,"AIRCRAFT, SPACECRAFT, AND PARTS THEREOF.",0.14,SRI LANKA DSR,2011
74,COPPER AND ARTICLES THEREOF.,2.01,SUDAN,2011
74,COPPER AND ARTICLES THEREOF.,0.07,SWAZILAND,2011
88,"AIRCRAFT, SPACECRAFT, AND PARTS THEREOF.",0.19,SWAZILAND,2011
74,COPPER AND ARTICLES THEREOF.,30.59,SWEDEN,2011
88,"AIRCRAFT, SPACECRAFT, AND PARTS THEREOF.",0.38,SWEDEN,2011
74,COPPER AND ARTICLES THEREOF.,20.09,SWITZERLAND,2011
88,"AIRCRAFT, SPACECRAFT, AND PARTS THEREOF.",111.47,SWITZERLAND,2011
74,COPPER AND ARTICLES THEREOF.,0,SYRIA,2011
74,COPPER AND ARTICLES THEREOF.,29.48,TAIWAN,2011
88,"AIRCRAFT, SPACECRAFT, AND PARTS THEREOF.",0.3,TAIWAN,2011
74,COPPER AND ARTICLES THEREOF.,2.21,TANZANIA REP,2011
74,COPPER AND ARTICLES THEREOF.,40.93,THAILAND,2011
88,"AIRCRAFT, SPACECRAFT, AND PARTS THEREOF.",1.25,THAILAND,2011
74,COPPER AND ARTICLES THEREOF.,0.95,TOGO,2011
74,COPPER AND ARTICLES THEREOF.,2.53,TUNISIA,2011
74,COPPER AND ARTICLES THEREOF.,3.23,TURKEY,2011
88,"AIRCRAFT, SPACECRAFT, AND PARTS THEREOF.",0.41,TURKEY,2011
74,COPPER AND ARTICLES THEREOF.,396.45,U ARAB EMTS,2011
88,"AIRCRAFT, SPACECRAFT, AND PARTS THEREOF.",17.24,U ARAB EMTS,2011
74,COPPER AND ARTICLES THEREOF.,141.45,U K,2011
88,"AIRCRAFT, SPACECRAFT, AND PARTS THEREOF.",215.57,U K,2011
74,COPPER AND ARTICLES THEREOF.,91.15,U S A,2011
88,"AIRCRAFT, SPACECRAFT, AND PARTS THEREOF.",1526.85,U S A,2011
88,"AIRCRAFT, SPACECRAFT, AND PARTS THEREOF.",0.01,UGANDA,2011
74,COPPER AND ARTICLES THEREOF.,21.88,UKRAINE,2011
88,"AIRCRAFT, SPACECRAFT, AND PARTS THEREOF.",1.2,UKRAINE,2011
74,COPPER AND ARTICLES THEREOF.,2.19,UNSPECIFIED,2011
88,"AIRCRAFT, SPACECRAFT, AND PARTS THEREOF.",11.57,UNSPECIFIED,2011
74,COPPER AND ARTICLES THEREOF.,0.61,UZBEKISTAN,2011
74,COPPER AND ARTICLES THEREOF.,9.21,VIETNAM SOC REP,2011
88,"AIRCRAFT, SPACECRAFT, AND PARTS THEREOF.",0.4,VIETNAM SOC REP,2011
74,COPPER AND ARTICLES THEREOF.,0.39,YEMEN REPUBLC,2011
74,COPPER AND ARTICLES THEREOF.,140.63,ZAMBIA,2011
74,COPPER AND ARTICLES THEREOF.,0.26,ALGERIA,2010
74,COPPER AND ARTICLES THEREOF.,2.18,ANGOLA,2010
74,COPPER AND ARTICLES THEREOF.,0.32,ARGENTINA,2010
74,COPPER AND ARTICLES THEREOF.,1.68,ARMENIA,2010
74,COPPER AND ARTICLES THEREOF.,117.02,AUSTRALIA,2010
88,"AIRCRAFT, SPACECRAFT, AND PARTS THEREOF.",2.88,AUSTRALIA,2010
74,COPPER AND ARTICLES THEREOF.,7.61,AUSTRIA,2010
88,"AIRCRAFT, SPACECRAFT, AND PARTS THEREOF.",0.95,AUSTRIA,2010
74,COPPER AND ARTICLES THEREOF.,15.72,BAHARAIN IS,2010
88,"AIRCRAFT, SPACECRAFT, AND PARTS THEREOF.",0.03,BAHARAIN IS,2010
74,COPPER AND ARTICLES THEREOF.,14.71,BANGLADESH PR,2010
88,"AIRCRAFT, SPACECRAFT, AND PARTS THEREOF.",0.03,BANGLADESH PR,2010
74,COPPER AND ARTICLES THEREOF.,0.13,BELARUS,2010
88,"AIRCRAFT, SPACECRAFT, AND PARTS THEREOF.",0,BELARUS,2010
74,COPPER AND ARTICLES THEREOF.,8.5,BELGIUM,2010
88,"AIRCRAFT, SPACECRAFT, AND PARTS THEREOF.",0.79,BELGIUM,2010
74,COPPER AND ARTICLES THEREOF.,16.69,BENIN,2010
74,COPPER AND ARTICLES THEREOF.,33.1,BHUTAN,2010
74,COPPER AND ARTICLES THEREOF.,0.13,BOLIVIA,2010
74,COPPER AND ARTICLES THEREOF.,1.3,BRAZIL,2010
88,"AIRCRAFT, SPACECRAFT, AND PARTS THEREOF.",7.73,BRAZIL,2010
74,COPPER AND ARTICLES THEREOF.,1.61,BULGARIA,2010
88,"AIRCRAFT, SPACECRAFT, AND PARTS THEREOF.",0,BULGARIA,2010
74,COPPER AND ARTICLES THEREOF.,0.11,C AFRI REP,2010
74,COPPER AND ARTICLES THEREOF.,0.14,CAMEROON,2010
74,COPPER AND ARTICLES THEREOF.,7.66,CANADA,2010
88,"AIRCRAFT, SPACECRAFT, AND PARTS THEREOF.",163.93,CANADA,2010
74,COPPER AND ARTICLES THEREOF.,0.56,CAPE VERDE IS,2010
74,COPPER AND ARTICLES THEREOF.,36.09,CHILE,2010
74,COPPER AND ARTICLES THEREOF.,196.62,CHINA P RP,2010
88,"AIRCRAFT, SPACECRAFT, AND PARTS THEREOF.",19.61,CHINA P RP,2010
74,COPPER AND ARTICLES THEREOF.,0.04,CHRISTMAS IS.,2010
74,COPPER AND ARTICLES THEREOF.,1.64,COLOMBIA,2010
74,COPPER AND ARTICLES THEREOF.,1.36,CONGO P REP,2010
88,"AIRCRAFT, SPACECRAFT, AND PARTS THEREOF.",0.01,COSTA RICA,2010
74,COPPER AND ARTICLES THEREOF.,1.87,COTE D' IVOIRE,2010
74,COPPER AND ARTICLES THEREOF.,1.22,CYPRUS,2010
74,COPPER AND ARTICLES THEREOF.,0.08,CZECH REPUBLIC,2010
88,"AIRCRAFT, SPACECRAFT, AND PARTS THEREOF.",0.17,CZECH REPUBLIC,2010
74,COPPER AND ARTICLES THEREOF.,9.12,DENMARK,2010
88,"AIRCRAFT, SPACECRAFT, AND PARTS THEREOF.",0.96,DENMARK,2010
74,COPPER AND ARTICLES THEREOF.,0.18,DJIBOUTI,2010
74,COPPER AND ARTICLES THEREOF.,0.06,DOMINIC REP,2010
74,COPPER AND ARTICLES THEREOF.,0.17,ECUADOR,2010
74,COPPER AND ARTICLES THEREOF.,12.58,EGYPT A RP,2010
88,"AIRCRAFT, SPACECRAFT, AND PARTS THEREOF.",0.02,EGYPT A RP,2010
74,COPPER AND ARTICLES THEREOF.,0.09,ESTONIA,2010
74,COPPER AND ARTICLES THEREOF.,1.83,ETHIOPIA,2010
74,COPPER AND ARTICLES THEREOF.,7.95,FINLAND,2010
88,"AIRCRAFT, SPACECRAFT, AND PARTS THEREOF.",0.12,FINLAND,2010
88,"AIRCRAFT, SPACECRAFT, AND PARTS THEREOF.",0.02,FR GUIANA,2010
74,COPPER AND ARTICLES THEREOF.,35.43,FRANCE,2010
88,"AIRCRAFT, SPACECRAFT, AND PARTS THEREOF.",1058.03,FRANCE,2010
74,COPPER AND ARTICLES THEREOF.,1.25,GABON,2010
74,COPPER AND ARTICLES THEREOF.,0.32,GAMBIA,2010
74,COPPER AND ARTICLES THEREOF.,2.97,GEORGIA,2010
88,"AIRCRAFT, SPACECRAFT, AND PARTS THEREOF.",0.01,GEORGIA,2010
74,COPPER AND ARTICLES THEREOF.,146.08,GERMANY,2010
88,"AIRCRAFT, SPACECRAFT, AND PARTS THEREOF.",216.71,GERMANY,2010
74,COPPER AND ARTICLES THEREOF.,2.89,GHANA,2010
74,COPPER AND ARTICLES THEREOF.,5.18,GREECE,2010
88,"AIRCRAFT, SPACECRAFT, AND PARTS THEREOF.",0.01,GREECE,2010
88,"AIRCRAFT, SPACECRAFT, AND PARTS THEREOF.",0.02,GUADELOUPE,2010
74,COPPER AND ARTICLES THEREOF.,0.28,GUINEA,2010
74,COPPER AND ARTICLES THEREOF.,7.32,HONG KONG,2010
88,"AIRCRAFT, SPACECRAFT, AND PARTS THEREOF.",23.67,HONG KONG,2010
74,COPPER AND ARTICLES THEREOF.,2.5,HUNGARY,2010
88,"AIRCRAFT, SPACECRAFT, AND PARTS THEREOF.",0.09,HUNGARY,2010
88,"AIRCRAFT, SPACECRAFT, AND PARTS THEREOF.",0.01,ICELAND,2010
74,COPPER AND ARTICLES THEREOF.,9.88,INDONESIA,2010
88,"AIRCRAFT, SPACECRAFT, AND PARTS THEREOF.",0.36,INDONESIA,2010
74,COPPER AND ARTICLES THEREOF.,0.93,IRAN,2010
74,COPPER AND ARTICLES THEREOF.,0.03,IRELAND,2010
88,"AIRCRAFT, SPACECRAFT, AND PARTS THEREOF.",11.75,IRELAND,2010
74,COPPER AND ARTICLES THEREOF.,0.55,ISRAEL,2010
88,"AIRCRAFT, SPACECRAFT, AND PARTS THEREOF.",28.4,ISRAEL,2010
74,COPPER AND ARTICLES THEREOF.,32.29,ITALY,2010
88,"AIRCRAFT, SPACECRAFT, AND PARTS THEREOF.",86.62,ITALY,2010
74,COPPER AND ARTICLES THEREOF.,28.74,JAPAN,2010
88,"AIRCRAFT, SPACECRAFT, AND PARTS THEREOF.",4.77,JAPAN,2010
74,COPPER AND ARTICLES THEREOF.,6.85,JORDAN,2010
88,"AIRCRAFT, SPACECRAFT, AND PARTS THEREOF.",0.05,JORDAN,2010
74,COPPER AND ARTICLES THEREOF.,0.11,KAZAKHSTAN,2010
74,COPPER AND ARTICLES THEREOF.,1.44,KENYA,2010
88,"AIRCRAFT, SPACECRAFT, AND PARTS THEREOF.",0,KENYA,2010
74,COPPER AND ARTICLES THEREOF.,0.12,KOREA DP RP,2010
74,COPPER AND ARTICLES THEREOF.,74.41,KOREA RP,2010
88,"AIRCRAFT, SPACECRAFT, AND PARTS THEREOF.",8.08,KOREA RP,2010
74,COPPER AND ARTICLES THEREOF.,19.17,KUWAIT,2010
88,"AIRCRAFT, SPACECRAFT, AND PARTS THEREOF.",0.04,KUWAIT,2010
74,COPPER AND ARTICLES THEREOF.,0.08,LAO PD RP,2010
74,COPPER AND ARTICLES THEREOF.,0.13,LATVIA,2010
74,COPPER AND ARTICLES THEREOF.,0.8,LEBANON,2010
74,COPPER AND ARTICLES THEREOF.,0.81,LIBERIA,2010
74,COPPER AND ARTICLES THEREOF.,0.33,LITHUANIA,2010
88,"AIRCRAFT, SPACECRAFT, AND PARTS THEREOF.",0.09,LITHUANIA,2010
74,COPPER AND ARTICLES THEREOF.,0.24,LUXEMBOURG,2010
74,COPPER AND ARTICLES THEREOF.,0.03,MACAO,2010
74,COPPER AND ARTICLES THEREOF.,0.37,MADAGASCAR,2010
74,COPPER AND ARTICLES THEREOF.,137.02,MALAYSIA,2010
88,"AIRCRAFT, SPACECRAFT, AND PARTS THEREOF.",3.88,MALAYSIA,2010
74,COPPER AND ARTICLES THEREOF.,1.03,MALDIVES,2010
88,"AIRCRAFT, SPACECRAFT, AND PARTS THEREOF.",0.01,MALDIVES,2010
74,COPPER AND ARTICLES THEREOF.,0.01,MALTA,2010
74,COPPER AND ARTICLES THEREOF.,0,MARSHALL ISLAND,2010
74,COPPER AND ARTICLES THEREOF.,0.18,MAURITANIA,2010
74,COPPER AND ARTICLES THEREOF.,0.99,MAURITIUS,2010
88,"AIRCRAFT, SPACECRAFT, AND PARTS THEREOF.",0,MAURITIUS,2010
74,COPPER AND ARTICLES THEREOF.,8.53,MEXICO,2010
88,"AIRCRAFT, SPACECRAFT, AND PARTS THEREOF.",0.47,MEXICO,2010
74,COPPER AND ARTICLES THEREOF.,0.01,MONACO,2010
74,COPPER AND ARTICLES THEREOF.,8.51,MOROCCO,2010
74,COPPER AND ARTICLES THEREOF.,0.01,MOZAMBIQUE,2010
74,COPPER AND ARTICLES THEREOF.,0.35,NAMIBIA,2010
74,COPPER AND ARTICLES THEREOF.,0.12,NAURU RP,2010
74,COPPER AND ARTICLES THEREOF.,17.9,NEPAL,2010
88,"AIRCRAFT, SPACECRAFT, AND PARTS THEREOF.",1.61,NEPAL,2010
74,COPPER AND ARTICLES THEREOF.,17.63,NETHERLAND,2010
88,"AIRCRAFT, SPACECRAFT, AND PARTS THEREOF.",1.44,NETHERLAND,2010
74,COPPER AND ARTICLES THEREOF.,0.45,NEW ZEALAND,2010
74,COPPER AND ARTICLES THEREOF.,3.78,NIGERIA,2010
88,"AIRCRAFT, SPACECRAFT, AND PARTS THEREOF.",0.01,NIGERIA,2010
74,COPPER AND ARTICLES THEREOF.,0.87,NORWAY,2010
88,"AIRCRAFT, SPACECRAFT, AND PARTS THEREOF.",0.77,NORWAY,2010
74,COPPER AND ARTICLES THEREOF.,1.98,OMAN,2010
88,"AIRCRAFT, SPACECRAFT, AND PARTS THEREOF.",0.14,OMAN,2010
74,COPPER AND ARTICLES THEREOF.,7.92,PAKISTAN IR,2010
74,COPPER AND ARTICLES THEREOF.,0.23,PANAMA REPUBLIC,2010
74,COPPER AND ARTICLES THEREOF.,0.11,PERU,2010
88,"AIRCRAFT, SPACECRAFT, AND PARTS THEREOF.",0.08,PERU,2010
74,COPPER AND ARTICLES THEREOF.,1.59,PHILIPPINES,2010
88,"AIRCRAFT, SPACECRAFT, AND PARTS THEREOF.",0.08,PHILIPPINES,2010
74,COPPER AND ARTICLES THEREOF.,10.54,POLAND,2010
88,"AIRCRAFT, SPACECRAFT, AND PARTS THEREOF.",0.36,POLAND,2010
74,COPPER AND ARTICLES THEREOF.,2.21,PORTUGAL,2010
88,"AIRCRAFT, SPACECRAFT, AND PARTS THEREOF.",0,PORTUGAL,2010
88,"AIRCRAFT, SPACECRAFT, AND PARTS THEREOF.",0.01,PUERTO RICO,2010
74,COPPER AND ARTICLES THEREOF.,7.89,QATAR,2010
88,"AIRCRAFT, SPACECRAFT, AND PARTS THEREOF.",0.03,QATAR,2010
74,COPPER AND ARTICLES THEREOF.,0.62,REUNION,2010
74,COPPER AND ARTICLES THEREOF.,11.46,ROMANIA,2010
74,COPPER AND ARTICLES THEREOF.,81.92,RUSSIA,2010
88,"AIRCRAFT, SPACECRAFT, AND PARTS THEREOF.",11.19,RUSSIA,2010
74,COPPER AND ARTICLES THEREOF.,63.75,SAUDI ARAB,2010
88,"AIRCRAFT, SPACECRAFT, AND PARTS THEREOF.",0.18,SAUDI ARAB,2010
74,COPPER AND ARTICLES THEREOF.,1.34,SENEGAL,2010
88,"AIRCRAFT, SPACECRAFT, AND PARTS THEREOF.",0.78,SENEGAL,2010
88,"AIRCRAFT, SPACECRAFT, AND PARTS THEREOF.",0,SEYCHELLES,2010
74,COPPER AND ARTICLES THEREOF.,0.66,SIERRA LEONE,2010
74,COPPER AND ARTICLES THEREOF.,9.44,SINGAPORE,2010
88,"AIRCRAFT, SPACECRAFT, AND PARTS THEREOF.",65.93,SINGAPORE,2010
74,COPPER AND ARTICLES THEREOF.,0,SLOVAK REP,2010
74,COPPER AND ARTICLES THEREOF.,0.18,SLOVENIA,2010
88,"AIRCRAFT, SPACECRAFT, AND PARTS THEREOF.",0.26,SLOVENIA,2010
74,COPPER AND ARTICLES THEREOF.,9.36,SOUTH AFRICA,2010
88,"AIRCRAFT, SPACECRAFT, AND PARTS THEREOF.",0.29,SOUTH AFRICA,2010
74,COPPER AND ARTICLES THEREOF.,12.28,SPAIN,2010
88,"AIRCRAFT, SPACECRAFT, AND PARTS THEREOF.",1.32,SPAIN,2010
74,COPPER AND ARTICLES THEREOF.,20.06,SRI LANKA DSR,2010
88,"AIRCRAFT, SPACECRAFT, AND PARTS THEREOF.",0.06,SRI LANKA DSR,2010
74,COPPER AND ARTICLES THEREOF.,2.57,SUDAN,2010
74,COPPER AND ARTICLES THEREOF.,0.25,SWAZILAND,2010
88,"AIRCRAFT, SPACECRAFT, AND PARTS THEREOF.",0,SWAZILAND,2010
74,COPPER AND ARTICLES THEREOF.,17.53,SWEDEN,2010
88,"AIRCRAFT, SPACECRAFT, AND PARTS THEREOF.",2.41,SWEDEN,2010
74,COPPER AND ARTICLES THEREOF.,13.66,SWITZERLAND,2010
88,"AIRCRAFT, SPACECRAFT, AND PARTS THEREOF.",6.78,SWITZERLAND,2010
74,COPPER AND ARTICLES THEREOF.,32.59,TAIWAN,2010
88,"AIRCRAFT, SPACECRAFT, AND PARTS THEREOF.",0.98,TAIWAN,2010
74,COPPER AND ARTICLES THEREOF.,2.29,TANZANIA REP,2010
74,COPPER AND ARTICLES THEREOF.,44.99,THAILAND,2010
88,"AIRCRAFT, SPACECRAFT, AND PARTS THEREOF.",4.41,THAILAND,2010
74,COPPER AND ARTICLES THEREOF.,0.5,TOGO,2010
88,"AIRCRAFT, SPACECRAFT, AND PARTS THEREOF.",0.04,TOGO,2010
74,COPPER AND ARTICLES THEREOF.,1.92,TUNISIA,2010
74,COPPER AND ARTICLES THEREOF.,7.2,TURKEY,2010
88,"AIRCRAFT, SPACECRAFT, AND PARTS THEREOF.",0.05,TURKEY,2010
74,COPPER AND ARTICLES THEREOF.,263.2,U ARAB EMTS,2010
88,"AIRCRAFT, SPACECRAFT, AND PARTS THEREOF.",13.76,U ARAB EMTS,2010
74,COPPER AND ARTICLES THEREOF.,84.38,U K,2010
88,"AIRCRAFT, SPACECRAFT, AND PARTS THEREOF.",89.07,U K,2010
74,COPPER AND ARTICLES THEREOF.,58.18,U S A,2010
88,"AIRCRAFT, SPACECRAFT, AND PARTS THEREOF.",1594.39,U S A,2010
74,COPPER AND ARTICLES THEREOF.,0,UGANDA,2010
74,COPPER AND ARTICLES THEREOF.,5.26,UKRAINE,2010
88,"AIRCRAFT, SPACECRAFT, AND PARTS THEREOF.",0.65,UKRAINE,2010
74,COPPER AND ARTICLES THEREOF.,10.45,UNSPECIFIED,2010
88,"AIRCRAFT, SPACECRAFT, AND PARTS THEREOF.",4.89,UNSPECIFIED,2010
74,COPPER AND ARTICLES THEREOF.,1.61,UZBEKISTAN,2010
74,COPPER AND ARTICLES THEREOF.,0.19,VENEZUELA,2010
74,COPPER AND ARTICLES THEREOF.,1.17,VIETNAM SOC REP,2010
88,"AIRCRAFT, SPACECRAFT, AND PARTS THEREOF.",0.13,VIETNAM SOC REP,2010
74,COPPER AND ARTICLES THEREOF.,0.29,YEMEN REPUBLC,2010
74,COPPER AND ARTICLES THEREOF.,6.23,ZAMBIA,2010
